-- MySQL dump 10.13  Distrib 8.0.25, for Linux (x86_64)
--
-- Host: localhost    Database: miwiki
-- ------------------------------------------------------
-- Server version	8.0.25-0ubuntu0.20.04.1

/*!40101 SET @OLD_CHARACTER_SET_CLIENT=@@CHARACTER_SET_CLIENT */;
/*!40101 SET @OLD_CHARACTER_SET_RESULTS=@@CHARACTER_SET_RESULTS */;
/*!40101 SET @OLD_COLLATION_CONNECTION=@@COLLATION_CONNECTION */;
/*!50503 SET NAMES utf8mb4 */;
/*!40103 SET @OLD_TIME_ZONE=@@TIME_ZONE */;
/*!40103 SET TIME_ZONE='+00:00' */;
/*!40014 SET @OLD_UNIQUE_CHECKS=@@UNIQUE_CHECKS, UNIQUE_CHECKS=0 */;
/*!40014 SET @OLD_FOREIGN_KEY_CHECKS=@@FOREIGN_KEY_CHECKS, FOREIGN_KEY_CHECKS=0 */;
/*!40101 SET @OLD_SQL_MODE=@@SQL_MODE, SQL_MODE='NO_AUTO_VALUE_ON_ZERO' */;
/*!40111 SET @OLD_SQL_NOTES=@@SQL_NOTES, SQL_NOTES=0 */;

--
-- Table structure for table `articles`
--

DROP TABLE IF EXISTS `articles`;
/*!40101 SET @saved_cs_client     = @@character_set_client */;
/*!50503 SET character_set_client = utf8mb4 */;
CREATE TABLE `articles` (
  `id` int unsigned NOT NULL AUTO_INCREMENT COMMENT 'Идентификатор строки',
  `title` varchar(225) CHARACTER SET utf8mb4 COLLATE utf8mb4_unicode_ci NOT NULL COMMENT 'Название статьи',
  `body` text CHARACTER SET utf8mb4 COLLATE utf8mb4_unicode_ci NOT NULL COMMENT 'Текст статьи',
  `created_at` datetime DEFAULT CURRENT_TIMESTAMP COMMENT 'Время создания строки',
  `updated_at` datetime DEFAULT CURRENT_TIMESTAMP ON UPDATE CURRENT_TIMESTAMP COMMENT 'Время обновления строки',
  PRIMARY KEY (`id`),
  KEY `articles_title_idx` (`title`)
) ENGINE=InnoDB AUTO_INCREMENT=101 DEFAULT CHARSET=utf8mb4 COLLATE=utf8mb4_unicode_ci COMMENT='Статьи';
/*!40101 SET character_set_client = @saved_cs_client */;

--
-- Dumping data for table `articles`
--

LOCK TABLES `articles` WRITE;
/*!40000 ALTER TABLE `articles` DISABLE KEYS */;
INSERT INTO `articles` VALUES (1,'Voluptatem aut id temporibus est sunt animi.','Unde tenetur iusto eius dolorem quis asperiores. Expedita tempora qui et. Nulla delectus eum sed modi. Qui sunt rerum doloremque a in.','2017-07-02 20:26:17','2017-07-02 20:26:17'),(2,'Error voluptatem ratione qui ex aut corrupti.','Et ipsam iure provident dolores animi quos qui. Consequatur quia eos iste tempore.','2014-09-03 20:39:55','2017-03-13 20:43:11'),(3,'Et qui quo vel sed vel suscipit.','Est quia ea odio mollitia. Aut velit impedit et. Consectetur omnis aut vel incidunt laborum quis.','2015-01-25 23:35:55','2015-01-25 23:35:55'),(4,'Architecto fugiat beatae non ut sunt veniam.','Quae ratione consequuntur doloremque veritatis qui consectetur eum. Autem tempora id possimus delectus at. Autem consequatur veritatis autem quia voluptatem exercitationem voluptas. Quasi alias reprehenderit molestias veritatis.','2014-06-13 22:05:28','2020-05-20 15:10:03'),(5,'Non qui deserunt aut et quidem laudantium.','Suscipit id facere sapiente nesciunt adipisci ut. Et repudiandae quam itaque veniam et suscipit repellendus. Earum sapiente laudantium neque sit dolorem.','2012-07-15 17:33:11','2019-06-23 03:39:34'),(6,'Delectus dolores vero quod tempora repellendus voluptatem.','Magnam iure quia quis dolore totam. Nihil quaerat unde ut maiores autem quaerat et labore. Impedit odit et rerum ipsam facere libero molestiae. Doloribus non exercitationem necessitatibus voluptatibus aut nobis qui inventore.','2018-06-16 21:04:52','2020-08-19 23:19:40'),(7,'Maxime et libero est consectetur.','Modi quae necessitatibus fugit sit asperiores consequatur. Et enim ea quas dolores. Non explicabo cupiditate dolores et fuga.','2018-06-10 15:26:45','2018-06-10 15:26:45'),(8,'Eos explicabo officiis inventore exercitationem voluptatem voluptas voluptas totam.','Est hic omnis dignissimos rem alias molestiae. Fugit necessitatibus quae officia consequatur qui eum. Distinctio aut quia est.','2020-05-07 07:38:51','2020-05-07 07:38:51'),(9,'Ab saepe eum facilis dolorem temporibus sunt nemo tempora.','Doloribus tempora iste et nostrum adipisci qui est. Est porro quos architecto quo similique aperiam ut. Ullam id cumque sint veniam in. Qui dolore ab repellendus aspernatur culpa.','2016-05-04 13:07:18','2020-03-15 05:42:54'),(10,'Velit deleniti aspernatur voluptatem.','Modi deserunt officiis pariatur commodi eum culpa voluptas. Error velit perferendis eveniet consequatur.','2014-03-28 21:50:27','2021-03-26 13:44:46'),(11,'Ex soluta sint iusto eos aut dolorum.','Reprehenderit vitae nemo assumenda magni quia. Tenetur possimus harum tenetur rerum illo qui consectetur. Esse a aut non asperiores et fugiat iure.','2012-05-03 00:49:22','2012-05-03 00:49:22'),(12,'Quia illo eos eos id.','Possimus itaque possimus corrupti tenetur itaque at aut. Nobis consequuntur est deserunt at. Error saepe a doloribus rem eligendi.','2019-02-04 19:12:26','2019-02-04 19:12:26'),(13,'Suscipit non et qui expedita quis soluta aut sapiente.','Commodi maxime facere magni. Eos ratione accusantium aut eius. Dignissimos omnis inventore numquam assumenda qui nemo dolorem.','2016-08-02 20:36:13','2016-10-29 10:41:02'),(14,'Laudantium ut facere voluptates voluptatem reprehenderit.','Nostrum quos quidem sunt voluptatem aut autem. Nesciunt quia assumenda cum aspernatur. Qui repellat aut dolore qui. Assumenda cumque magni rem reiciendis aperiam aut.','2013-10-22 16:47:45','2018-04-11 01:26:52'),(15,'Non magnam eveniet et nihil deleniti voluptas ipsum.','Aliquid ut sed velit tempore enim. Suscipit illo dolores nihil maxime nisi dolor earum. Dolor asperiores assumenda repellendus repudiandae molestiae omnis.','2014-12-15 15:02:01','2018-08-15 20:45:01'),(16,'Fugit iste labore corrupti et.','Omnis rerum consequuntur porro itaque in. Aut veniam cupiditate facere velit velit sunt nam facilis. In saepe repellat veniam ut dolor maxime. Iste minus qui corrupti quidem. Omnis consectetur est ut ut reprehenderit laboriosam expedita.','2015-03-29 16:32:27','2018-05-26 23:46:48'),(17,'Rem possimus hic dolor sit atque molestias aut.','Distinctio suscipit provident nam quia sapiente vel. Modi adipisci cupiditate et. Rerum ab rerum qui ducimus dolor doloremque quo. Sit non iusto qui eum beatae.','2021-02-05 06:30:13','2021-02-05 06:30:13'),(18,'Enim sed maiores dolorem atque.','Rerum officia temporibus facilis. Rerum itaque autem tenetur aliquid expedita dicta amet nobis. Delectus saepe ea amet eaque quis omnis. Est a enim rerum eius tempore atque.','2013-11-26 15:20:45','2018-12-18 16:45:24'),(19,'Corrupti facilis tempore ipsa.','Dolorem magni vero id accusamus quos. Id quo minima dolor earum qui sint odio numquam. Aut doloribus dolores vero similique aut. Non ut nam sunt reprehenderit suscipit maiores. Odio non exercitationem fuga.','2019-12-06 05:59:37','2019-12-06 05:59:37'),(20,'Et iste ducimus officiis odit nesciunt placeat quisquam.','Dignissimos explicabo dolore vero enim dignissimos consectetur rem. Ut aliquid est velit quas maxime ducimus. Accusamus animi aut dolores nesciunt id esse velit.','2013-11-18 07:07:39','2013-11-18 07:07:39'),(21,'Voluptatem eveniet vitae rerum magni.','Quidem vitae nam quia laborum labore repellat. Recusandae culpa iure velit perspiciatis. Explicabo rerum dignissimos consequatur sint repellat.','2016-07-04 15:02:19','2016-10-28 13:02:39'),(22,'Harum sint nemo quidem velit.','Sequi provident fuga magni vitae odio non. Dignissimos id officiis a.','2012-12-26 18:12:06','2020-07-14 01:06:31'),(23,'Et eos unde possimus laboriosam a laborum.','Occaecati eos provident in. Et reprehenderit placeat quaerat sit accusantium eos dolor. Eum deleniti aut unde eligendi aspernatur. Eius dignissimos voluptates consectetur voluptatem natus aspernatur.','2016-11-28 00:12:43','2019-09-07 08:38:14'),(24,'Qui odit occaecati aliquam et quo.','Qui deleniti iure non autem beatae vitae. Perferendis consequuntur enim quod distinctio earum aut. Recusandae cum quia error ipsum est fugiat.','2018-06-10 08:54:19','2019-10-05 15:38:24'),(25,'Eos fugit eos quos velit.','Odit deserunt sit esse aut quaerat. Vel et nemo voluptatem ab ad nihil illo officia. Sed placeat facere illo hic magni. Quia deserunt corporis recusandae eligendi.','2019-05-04 21:27:21','2019-05-04 21:27:21'),(26,'Et corporis occaecati dolore.','Deserunt vitae laudantium tempore dolore mollitia illum. Molestias molestiae repudiandae vel inventore corrupti qui voluptatem. Necessitatibus quidem quidem dolores officiis quia voluptatem et. Doloribus aut alias eveniet eum.','2019-04-16 15:27:03','2019-04-16 15:27:03'),(27,'Est corporis omnis dolorem voluptatem qui atque.','Voluptate et earum ea iste officiis. Exercitationem vel aut est. Adipisci in ducimus veritatis voluptatem aut. Eaque deleniti modi saepe pariatur. Beatae aut illum iste nam et omnis quidem.','2015-07-26 10:03:36','2021-05-03 18:25:40'),(28,'Qui alias qui qui et repudiandae accusantium libero.','Qui ea itaque debitis assumenda. Ut tempore qui error. Omnis quia sed nihil beatae doloribus ex atque ab.','2016-03-18 11:00:25','2016-03-18 11:00:25'),(29,'Et eos a laudantium odio.','Nulla aliquam quam et consectetur quos omnis id dolorum. Accusantium ducimus et est ea repellat dolores et.','2019-10-13 19:51:47','2019-10-13 19:51:47'),(30,'Et voluptates aperiam molestiae ab ducimus praesentium.','Odit et quo nihil et. Nemo qui omnis consequatur ipsa voluptatibus minus corporis corrupti. Minus libero commodi voluptatem laudantium. Consequatur rerum rerum voluptate aut numquam voluptatem perspiciatis laboriosam.','2012-08-16 05:13:49','2014-11-04 14:16:13'),(31,'In porro placeat sapiente eveniet repudiandae et sapiente facilis.','Quas quo laborum earum quasi voluptatem. Libero at qui libero inventore nostrum quibusdam. Adipisci recusandae sed nobis in. Aut ipsam aut assumenda alias rerum repellat.','2012-03-28 05:08:21','2018-10-16 04:22:30'),(32,'Hic unde ea rerum ab.','Consequatur earum consectetur et magnam ab quidem. Consequatur amet praesentium provident nam. Consequatur laudantium id accusantium tempora ea.','2020-01-16 18:25:19','2020-01-16 18:25:19'),(33,'Nulla id inventore quo adipisci magnam.','Et accusamus est sequi natus reiciendis. Iste iste corrupti neque. Perspiciatis ratione fuga aspernatur tempora soluta.','2014-10-08 01:55:45','2017-08-07 04:28:13'),(34,'Voluptate officiis eaque sit illo autem.','At enim quidem dolor ut soluta eligendi exercitationem ab. Id veritatis cumque eum non commodi ea. Sit quos tempora corporis occaecati velit placeat dolor. Incidunt hic nihil optio repudiandae consequatur.','2017-07-24 11:05:44','2018-12-29 05:46:16'),(35,'A quia rerum ipsam est sed tenetur.','Voluptas quas nulla voluptatem temporibus natus qui possimus. Consequatur aperiam omnis rem. Ab omnis delectus aut dolore sunt id aut iste. Ea excepturi eligendi dolorem impedit omnis quisquam eos.','2019-08-09 15:59:28','2019-08-09 15:59:28'),(36,'Ipsam exercitationem mollitia sed optio.','Deserunt et voluptates officiis qui dignissimos assumenda modi. Placeat ut quia voluptate eum. Qui necessitatibus non fugiat et cum.','2014-11-17 20:18:16','2014-11-17 20:18:16'),(37,'Placeat et sit velit qui eligendi.','Dignissimos officiis ut porro est voluptas impedit sed recusandae. Vel et minus quidem voluptatem voluptas. Aliquam corrupti quis odio voluptatem illo quia id nihil. Sint hic vel cupiditate accusantium nihil.','2012-08-15 11:30:41','2014-10-07 02:05:57'),(38,'Itaque nihil aut et vel tempora ipsum.','Corrupti architecto deserunt aliquid eveniet. Non voluptatibus id esse cumque similique ab. Commodi iste sit quasi enim praesentium. Sed dolor est voluptas ipsam et.','2019-02-19 03:52:15','2019-02-19 03:52:15'),(39,'Minima aliquid sit est.','Nulla ipsam ipsam quo et molestias. Qui in nemo sed magni atque commodi odit vel.','2021-04-07 09:08:18','2021-04-07 09:08:18'),(40,'Et doloremque fugiat odio ipsa velit.','At voluptatum et dolorum eligendi rerum a quia. Fugit fugiat occaecati eligendi sit. Voluptatem vitae vero quidem. Voluptatem voluptas modi est odio temporibus maiores at.','2015-11-17 01:48:12','2015-11-17 01:48:12'),(41,'Sit odio sunt veniam optio accusantium.','Et iusto a debitis. Aut ea nesciunt nihil aliquam. Molestiae fugit laboriosam voluptatem et.','2013-07-27 15:04:22','2016-09-22 19:19:42'),(42,'Earum qui est ab similique dolorum.','Praesentium totam beatae occaecati sapiente eos odit a ut. Exercitationem recusandae nulla eos rerum. Minus explicabo sit nam aperiam natus accusantium. Esse ipsa beatae voluptas incidunt qui blanditiis fuga. Possimus et repellat excepturi ut corporis et dolorum.','2018-05-01 08:34:54','2020-02-13 07:18:05'),(43,'Error magnam autem ipsum temporibus rem laborum illo sit.','Exercitationem quis dicta eaque qui cupiditate dolorem. Dolorem similique qui et. Repellendus dolorum dolorem dolore ipsum sunt et commodi. Totam et dolor fugiat similique fugiat.','2015-07-31 22:05:39','2015-07-31 22:05:39'),(44,'Enim quasi incidunt illo hic tempore reiciendis quo.','Consectetur consequatur non alias consectetur fuga voluptatibus. Qui error officiis quos recusandae. Corporis consequuntur et quis ipsum enim rerum sunt enim. Qui vitae repellendus expedita.','2014-11-15 08:03:05','2015-01-27 01:47:46'),(45,'Ut et nisi esse aut iure ducimus.','Atque deleniti optio eos tenetur explicabo. Illo expedita magnam dignissimos ut. Qui voluptates cupiditate molestias perspiciatis libero non doloremque tenetur. Ea at minus hic in rerum alias.','2012-04-07 01:10:17','2013-04-17 23:20:21'),(46,'Quo minima est quia ducimus asperiores.','Necessitatibus soluta aliquid temporibus. Sed similique sed pariatur voluptatem molestiae aut maiores. Id eum amet nulla iure et. Veniam provident et qui ut aut.','2018-03-12 18:49:12','2018-03-12 18:49:12'),(47,'Qui pariatur eaque architecto quod voluptas saepe voluptate.','Minus vitae tempore voluptas delectus illo aut. Debitis est aliquid ut ut. Ipsum suscipit commodi debitis culpa id. Sunt quibusdam consequuntur fugit qui nostrum.','2020-05-14 11:14:07','2020-05-14 11:14:07'),(48,'Consectetur quis vel in sunt ex aliquam.','Et aut qui ullam odit at magnam. Exercitationem in omnis consectetur aut nisi est amet. Debitis corrupti accusantium placeat sapiente aspernatur necessitatibus perspiciatis.','2014-11-04 15:14:14','2015-01-07 02:36:22'),(49,'Sint impedit vero omnis magnam amet debitis.','Qui tenetur quia ab molestiae blanditiis sit dolore. Odit et perspiciatis magnam. Tempore et blanditiis id sit.','2019-12-25 13:51:18','2020-05-04 04:54:52'),(50,'Maxime repellendus ut aut in cupiditate.','Omnis voluptatem accusantium numquam error quidem expedita blanditiis fugit. Voluptatem quis sed earum omnis et sed commodi. Aut aut et labore veniam modi velit aut.','2011-08-13 18:55:20','2019-04-01 08:11:26'),(51,'Mollitia enim est ipsum commodi vitae adipisci.','Unde ea recusandae temporibus distinctio blanditiis. Quam dignissimos commodi est ea. Et deserunt minus eum mollitia. Sint fugit numquam fugit optio.','2020-09-25 15:00:02','2020-09-25 15:00:02'),(52,'Nihil officiis et rerum magnam possimus nostrum.','Quia alias sint placeat. Ut officiis a officia repellendus eum optio. Culpa unde inventore dolor ex quia delectus.','2013-08-29 08:20:33','2015-06-20 17:21:33'),(53,'Aut ut sunt et earum et ut ut.','Dolor sint porro velit molestias. Aspernatur accusantium possimus in maiores voluptate quam. Dolorum autem nulla delectus vitae amet voluptas.','2013-09-27 21:09:35','2014-12-17 11:25:15'),(54,'Magni et aspernatur quos deserunt ducimus ipsum atque.','Ea totam aut est distinctio repellendus rem. Provident perspiciatis soluta esse eum voluptatem rerum laudantium ut.','2015-03-27 13:57:31','2015-03-27 13:57:31'),(55,'Harum porro aut veritatis qui.','Non quas eligendi neque qui ut sed. Explicabo aut dolore dicta itaque dolores vel soluta. Unde officiis et quia voluptatem mollitia iure.','2014-02-13 22:35:54','2014-02-13 22:35:54'),(56,'Debitis aut quia provident rerum quia ut.','Ut ut dolorum eius cum aliquid odio exercitationem. Repudiandae sit ducimus voluptas quam qui tempore. Tenetur rem voluptas est et.','2015-03-07 18:33:00','2015-03-07 18:33:00'),(57,'Voluptatem veritatis velit nihil corporis distinctio in facere et.','Harum dolore incidunt sed et nihil. Numquam ea officia adipisci. Animi minus assumenda aut quia amet. Culpa est consequatur consequuntur exercitationem.','2020-12-29 16:07:44','2020-12-29 16:07:44'),(58,'Repudiandae dolores nisi sunt enim omnis nihil velit aut.','Sunt id iure nam assumenda blanditiis. Error iure sapiente harum velit vel numquam dignissimos rem. Quae minus rem aut numquam.','2016-06-24 10:45:18','2016-06-24 10:45:18'),(59,'Voluptatum quia qui eligendi qui temporibus.','Nesciunt ab rerum dolorem iusto. Nesciunt at sit odio non sit ratione illo nulla. Voluptatum harum voluptatem laborum temporibus facilis nisi cumque quisquam.','2017-03-22 13:46:14','2017-03-22 13:46:14'),(60,'Illum at odit blanditiis eveniet voluptas.','Et quia modi voluptatem dolor nemo et. Aliquid similique sed facilis sint aut non voluptates. Corporis reiciendis non quam non voluptatibus.','2012-06-12 02:52:25','2013-10-24 06:04:22'),(61,'Molestiae eum sit voluptatem error dicta consectetur quia.','Quia explicabo quia adipisci autem possimus. Deleniti aut assumenda cupiditate minima. Ut necessitatibus dolores inventore natus. Natus doloremque ea sunt.','2013-05-10 12:07:23','2017-11-27 12:09:49'),(62,'Eum et velit vel qui.','Perferendis natus laborum non magni ut. Laudantium deleniti adipisci et veniam. Ratione qui ea perspiciatis reprehenderit quibusdam sequi.','2015-02-08 08:08:49','2018-02-02 19:00:57'),(63,'Qui autem totam qui aperiam numquam.','Nostrum ea sed fuga voluptatum sunt quo hic. Odit architecto soluta qui qui accusamus molestiae. Sed nihil quia fugiat ex maiores cumque corporis.','2020-10-03 04:36:03','2020-10-03 04:36:03'),(64,'Dolorum dolor voluptas ipsa rerum numquam modi ad.','Qui ut veniam est dolorem. Praesentium optio quas ut nostrum mollitia. Eaque mollitia possimus dignissimos quaerat eum enim.','2017-05-30 04:56:36','2019-12-30 22:48:21'),(65,'Dolorum unde et sed et architecto non ea.','Quod dolores qui asperiores sequi dolorem ullam a. Quo mollitia ea impedit nihil id quas. Reprehenderit deserunt voluptatem asperiores aspernatur dolores blanditiis possimus. Facilis quis fugiat laborum eaque.','2020-08-10 20:48:37','2020-08-10 20:48:37'),(66,'Ab voluptate ut hic officia qui reprehenderit.','Vel natus facilis in provident accusamus. Incidunt reprehenderit recusandae ut omnis ea qui. Ab reprehenderit corporis recusandae corporis ad vel tenetur.','2015-05-29 04:08:07','2015-05-29 04:08:07'),(67,'Tenetur rem vero eaque nesciunt.','Laudantium et commodi quia assumenda est. Ipsa sit et quas incidunt cumque. Neque aperiam nihil beatae enim. Quis earum quia ab.','2015-07-13 09:14:46','2015-07-13 09:14:46'),(68,'Magni sint corrupti maiores voluptas totam quasi officiis.','Qui et sint quos et cumque necessitatibus. Recusandae quod aperiam et suscipit dolorem. Neque voluptatem beatae et aspernatur at reiciendis.','2018-12-24 02:28:19','2018-12-24 02:28:19'),(69,'Sapiente voluptatem velit necessitatibus magnam cupiditate occaecati ut qui.','Qui id rerum inventore architecto in. Quidem dolore sunt laborum assumenda. Quaerat quasi dignissimos praesentium eum.','2020-06-04 02:25:43','2020-06-04 02:25:43'),(70,'Molestias molestias ea rem.','Rerum adipisci rerum est animi. Aliquam reprehenderit consectetur delectus velit pariatur animi. Iusto in aliquid sint facilis magnam labore.','2012-10-09 21:44:34','2013-05-31 06:08:10'),(71,'Fugit fugit voluptatum ipsa inventore pariatur illum.','Voluptatem mollitia officiis labore enim. Fugiat iste quasi suscipit sunt aut. Optio ea sint ut autem. Quibusdam neque autem optio autem. Ipsam ipsum optio voluptas.','2020-10-24 17:32:54','2020-10-24 17:32:54'),(72,'Ut velit animi voluptatum ullam.','Consequuntur modi praesentium reprehenderit animi minima. Sequi quo eveniet illum voluptatem id quia. Impedit qui esse consequatur dolor deserunt sit. Quaerat dolorum aut voluptatum porro quis ad.','2018-05-23 12:54:46','2018-05-23 12:54:46'),(73,'Quam voluptates sit cupiditate aperiam velit unde eos recusandae.','Et quisquam modi dolor error est ipsa. Exercitationem ut dolorum ab et illum. Fugiat quo aut corporis nihil non sit dolores. Expedita a mollitia est ipsam aut.','2014-06-16 04:52:36','2019-07-10 00:08:19'),(74,'Aliquid modi dicta corporis libero fuga ut nemo sit.','Molestiae fugiat ullam cupiditate architecto. Iste incidunt libero ea et. Accusantium qui sunt iure sed dolores sed blanditiis.','2012-06-06 13:38:49','2018-06-13 01:05:30'),(75,'Temporibus rerum eum recusandae culpa asperiores numquam.','Odio ipsa pariatur optio rerum dolorum. Ducimus expedita velit deleniti ut. Laboriosam sit alias ea dolorum maxime sit fugiat.','2017-07-11 12:02:02','2020-01-21 22:25:44'),(76,'Rerum ea perspiciatis perspiciatis ducimus et iusto distinctio voluptatem.','Iste consequatur ad non debitis omnis maiores non voluptates. Aliquam inventore commodi perferendis hic totam voluptates. Fugit impedit sit consectetur. Qui reiciendis quia accusamus nemo sit.','2013-02-03 08:12:24','2021-03-31 03:18:00'),(77,'Quas dolore quis ipsam temporibus.','Labore et qui ut praesentium vero est. Illum beatae repellat dolores expedita fugiat quisquam dolorum. Magni quibusdam aut minus dolores ea dolor maxime nesciunt. Iure possimus et non distinctio est debitis nemo.','2014-08-26 21:25:03','2014-08-26 21:25:03'),(78,'Qui est quos repellat officiis nostrum.','Sunt neque aut error et rerum dolore eum. Sapiente itaque odit dicta sint. Numquam mollitia voluptatem similique modi soluta. Et ut illum nemo quae earum nam rerum. Rerum quae omnis minus nihil fuga ut dicta.','2019-07-01 02:48:56','2019-07-01 02:48:56'),(79,'Unde sint est molestias ea eius.','Eaque qui ducimus reprehenderit quas aliquid. Id cum vitae iste ut aut aliquam magnam in. Voluptatem voluptatum id eaque ut voluptates. Pariatur velit reprehenderit amet cumque ipsum enim.','2017-04-13 19:22:39','2017-04-13 19:22:39'),(80,'Maxime est cupiditate officia et culpa.','Ipsam omnis at est exercitationem reiciendis minus non dolores. Explicabo quidem laboriosam et dolor reiciendis at nesciunt. Qui fugit et est eius voluptatem voluptatem et. Libero et ipsum ut exercitationem alias aut.','2016-03-02 09:24:27','2016-05-23 22:53:28'),(81,'Dolor necessitatibus perferendis ut voluptatem dolore.','Consectetur veritatis officiis excepturi quia voluptatem. Expedita est aliquam velit vitae a. Officiis labore aut quasi quaerat praesentium.','2015-07-10 09:19:42','2015-07-10 09:19:42'),(82,'Reiciendis at temporibus nulla nostrum veniam architecto est.','Non velit ipsam consequuntur numquam. Deserunt similique et fugit vel molestiae. Iusto aut voluptas aut unde.','2017-01-13 10:35:36','2017-01-13 10:35:36'),(83,'Consequatur consequatur est aut autem ut eaque saepe rerum.','Ut ipsum aperiam aut laboriosam. Sapiente sed doloremque voluptatibus voluptas dolorem et. Voluptatem omnis quae est facere et voluptatibus.','2012-06-05 21:22:56','2015-08-20 11:01:10'),(84,'Minus enim consequatur est vel consequatur.','Natus voluptas ratione est tempore deleniti voluptas. Aliquam nesciunt cum officia non quidem nostrum aut accusantium. Quam molestiae rerum consequatur numquam aliquam similique. Est cumque non nesciunt veniam.','2014-10-09 16:55:23','2018-04-26 21:56:55'),(85,'Suscipit aut sapiente officiis voluptatibus libero rerum.','Ipsa consequatur impedit veniam aut. Recusandae et similique necessitatibus quas et nostrum recusandae. Aut eum aut porro aut. Et laudantium laudantium atque delectus quos nobis voluptatibus deleniti.','2019-05-13 03:14:11','2019-05-13 03:14:11'),(86,'Sit adipisci veniam et et nihil rerum.','Earum autem quia excepturi et sequi facere. Sunt animi facere voluptatibus ut. Quia modi amet dolor quas. Quas quam vel pariatur minima voluptas necessitatibus. Sit vitae aspernatur atque qui harum corporis.','2016-12-28 05:15:42','2016-12-28 05:15:42'),(87,'Maiores tempore impedit magni eveniet quidem ullam qui.','Voluptatem aut nemo voluptates ea ducimus. Dolorem occaecati voluptatibus at officia molestiae et. Quis tenetur nam nulla sequi eaque. Commodi molestias ad blanditiis rem nihil.','2014-08-18 13:09:33','2017-12-21 08:33:41'),(88,'Nihil deleniti sed sed voluptatem quis.','Hic qui dolorum autem eligendi voluptatibus dolor aliquid sed. Suscipit dolores voluptas modi alias doloribus enim. Molestias totam autem fugit unde expedita et.','2018-09-15 21:06:44','2018-09-15 21:06:44'),(89,'Omnis repellat quasi cum expedita.','Eligendi libero voluptas eos voluptas error asperiores in. Quam provident numquam qui quas nulla omnis.','2016-09-05 06:28:52','2016-09-05 06:28:52'),(90,'Odit omnis nemo non quo quibusdam aut.','Eligendi accusamus atque quo debitis voluptatem. Delectus recusandae ullam ratione. Voluptatem sed atque id. Aspernatur facere sunt odio.','2013-12-26 17:37:56','2013-12-26 17:37:56'),(91,'Quia et est in voluptas.','Beatae adipisci impedit velit blanditiis aut. Ut minima repellat rem quidem qui rerum. Voluptates excepturi voluptas voluptas vel dicta dignissimos perspiciatis sit. Molestias qui ut est.','2013-10-29 18:13:12','2013-10-29 18:13:12'),(92,'Non hic occaecati necessitatibus delectus mollitia provident earum.','Est similique porro culpa voluptate non. Dolor tempore est alias dolor laborum ducimus. Sunt cupiditate necessitatibus ad dignissimos.','2020-01-07 09:31:15','2021-04-29 18:14:02'),(93,'Et consequatur ullam nulla dolorem sed.','Labore ex impedit quibusdam rerum possimus itaque doloremque. Culpa voluptas incidunt eos corporis. Recusandae nisi eum nihil.','2018-07-29 19:33:07','2018-07-29 19:33:07'),(94,'Eum expedita maxime et aut quibusdam.','Cupiditate consequuntur velit perferendis repellat voluptas. Voluptatibus rerum repudiandae laudantium a aut omnis quia.','2018-04-02 09:53:23','2020-09-18 18:04:50'),(95,'Eligendi est vel sequi commodi voluptatem illo corporis molestiae.','Enim totam et accusamus beatae illo architecto cumque. Quo eligendi nisi deleniti. Voluptatem quis molestias dolorem mollitia labore. Est iste nam optio reprehenderit.','2017-10-31 02:01:03','2018-10-07 19:03:49'),(96,'Quibusdam distinctio aut dolorem non dolorem saepe similique excepturi.','Atque cumque dolor doloribus. Sint est occaecati cupiditate consectetur consequatur voluptas quasi.','2011-09-25 22:42:37','2014-09-13 06:40:21'),(97,'Pariatur explicabo vel ut atque quia.','Ut ducimus voluptatum quam quo alias perferendis reiciendis. Rem omnis recusandae ab libero aperiam est aut. Illum error nemo ut consequatur in. Sunt iure praesentium cum laboriosam odio deserunt.','2020-11-11 14:13:45','2020-11-11 14:13:45'),(98,'Repellat maxime omnis tempore aspernatur aut asperiores veniam sed.','Enim quos voluptas corporis numquam. Nihil iste numquam dolor et ex excepturi qui. Quis iure ut quia. Ducimus perferendis sit amet delectus.','2019-03-25 18:50:14','2019-03-25 18:50:14'),(99,'Ab voluptatem maxime hic consequuntur modi vero dolorem.','Nobis odio aut sunt et commodi et. Cumque doloribus voluptas atque nam. Illum voluptatum qui recusandae corrupti optio maiores numquam sit. Corporis consequatur consequatur quia atque unde. Voluptatibus ut necessitatibus ex ut officia atque quod.','2018-12-01 00:41:37','2018-12-01 00:41:37'),(100,'Officia nihil ducimus voluptas odio.','Rerum non architecto occaecati nemo voluptatum dolorum. Voluptatem tempora est aspernatur non. Earum qui quisquam quos dolore.','2016-03-29 03:54:09','2019-04-10 06:37:29');
/*!40000 ALTER TABLE `articles` ENABLE KEYS */;
UNLOCK TABLES;

--
-- Table structure for table `articles_categories`
--

DROP TABLE IF EXISTS `articles_categories`;
/*!40101 SET @saved_cs_client     = @@character_set_client */;
/*!50503 SET character_set_client = utf8mb4 */;
CREATE TABLE `articles_categories` (
  `article_id` int unsigned NOT NULL COMMENT 'Ссылка на статью',
  `categorie_id` int unsigned NOT NULL COMMENT 'Ссылка на рубрику',
  `created_at` datetime DEFAULT CURRENT_TIMESTAMP COMMENT 'Время создания строки',
  PRIMARY KEY (`article_id`,`categorie_id`) COMMENT 'Составной первичный ключ',
  KEY `articles_categories_categorie_id_fk` (`categorie_id`),
  CONSTRAINT `articles_categories_article_id_fk` FOREIGN KEY (`article_id`) REFERENCES `articles` (`id`) ON DELETE CASCADE,
  CONSTRAINT `articles_categories_categorie_id_fk` FOREIGN KEY (`categorie_id`) REFERENCES `categories` (`id`) ON DELETE CASCADE
) ENGINE=InnoDB DEFAULT CHARSET=utf8mb4 COLLATE=utf8mb4_unicode_ci COMMENT='Рубрикатор, связь между статьей и рубрикой';
/*!40101 SET character_set_client = @saved_cs_client */;

--
-- Dumping data for table `articles_categories`
--

LOCK TABLES `articles_categories` WRITE;
/*!40000 ALTER TABLE `articles_categories` DISABLE KEYS */;
INSERT INTO `articles_categories` VALUES (1,76,'2021-04-25 15:32:44'),(3,102,'2017-11-24 03:37:10'),(3,119,'2011-07-17 19:07:56'),(4,112,'2012-02-16 22:58:55'),(7,60,'2012-10-29 05:12:27'),(7,75,'2012-12-26 10:32:31'),(8,25,'2021-03-17 09:08:59'),(8,106,'2020-10-12 12:33:00'),(9,37,'2017-07-01 06:16:04'),(10,10,'2012-10-04 02:08:50'),(10,60,'2012-03-26 02:22:02'),(10,119,'2014-06-13 19:21:14'),(13,87,'2018-09-14 02:13:34'),(14,33,'2021-02-23 21:47:59'),(15,111,'2014-07-15 20:28:07'),(17,90,'2017-07-23 01:13:13'),(18,96,'2017-07-31 09:48:20'),(20,34,'2012-02-05 01:35:01'),(22,98,'2015-05-24 23:16:33'),(23,47,'2015-06-12 22:06:07'),(23,80,'2015-06-01 17:11:23'),(24,49,'2011-12-04 19:05:05'),(24,109,'2018-06-26 22:20:57'),(25,117,'2017-04-09 16:36:01'),(26,7,'2013-03-31 02:47:40'),(26,39,'2020-01-27 07:07:41'),(27,7,'2012-05-28 04:35:17'),(28,120,'2020-01-18 08:17:38'),(30,11,'2015-02-12 05:53:28'),(30,38,'2014-08-22 16:45:48'),(31,71,'2013-03-10 04:16:26'),(32,100,'2019-03-25 21:45:01'),(32,115,'2011-10-17 14:13:04'),(35,29,'2012-11-13 03:17:09'),(35,49,'2012-06-03 02:19:08'),(36,25,'2019-07-09 17:57:25'),(40,117,'2014-04-12 14:23:33'),(42,100,'2016-11-17 11:18:55'),(44,59,'2014-03-04 03:38:12'),(45,75,'2012-12-23 10:51:05'),(46,79,'2019-06-15 08:48:01'),(46,92,'2017-07-16 22:32:33'),(49,37,'2018-05-25 12:58:33'),(49,61,'2014-04-23 09:31:44'),(49,74,'2019-09-23 02:34:42'),(49,120,'2015-05-11 08:40:57'),(50,43,'2019-06-24 00:18:30'),(50,88,'2013-06-28 03:02:03'),(52,17,'2021-05-02 11:17:34'),(52,66,'2016-12-31 17:41:28'),(54,94,'2019-08-15 14:43:36'),(56,7,'2014-03-05 07:32:37'),(56,54,'2016-09-16 08:37:51'),(57,18,'2014-10-20 08:39:29'),(57,79,'2019-10-17 03:37:13'),(58,33,'2012-03-08 19:45:17'),(60,25,'2020-05-30 10:32:21'),(61,16,'2014-04-17 02:04:23'),(63,15,'2017-03-07 12:23:46'),(63,69,'2013-02-28 19:03:32'),(64,25,'2015-02-07 19:46:05'),(65,42,'2016-10-07 00:19:13'),(65,72,'2017-07-09 04:39:55'),(66,25,'2012-04-17 05:31:50'),(66,87,'2019-11-10 23:21:29'),(66,109,'2017-11-25 12:20:44'),(68,68,'2018-08-23 18:17:56'),(68,100,'2013-08-21 23:44:48'),(72,3,'2016-10-23 18:14:31'),(72,6,'2017-05-03 04:52:45'),(72,66,'2012-03-02 03:39:43'),(74,95,'2013-05-10 12:34:52'),(75,118,'2016-09-24 09:13:41'),(76,40,'2012-11-23 17:21:25'),(76,87,'2020-01-03 12:32:28'),(78,74,'2016-07-12 02:18:26'),(78,102,'2019-09-20 12:54:21'),(79,79,'2018-11-01 03:45:04'),(79,99,'2012-08-05 20:12:39'),(80,25,'2012-04-11 03:06:03'),(80,44,'2012-01-08 18:36:13'),(80,53,'2012-12-16 05:19:56'),(80,97,'2019-11-15 14:09:17'),(81,34,'2020-03-19 21:25:07'),(81,79,'2012-11-30 05:06:03'),(84,75,'2013-10-19 14:04:25'),(84,77,'2017-02-25 06:45:07'),(85,74,'2016-09-08 20:35:42'),(88,36,'2018-03-19 14:59:29'),(89,30,'2019-03-07 20:30:03'),(89,61,'2018-04-05 23:18:38'),(90,58,'2014-03-20 00:08:00'),(91,61,'2019-12-13 06:44:31'),(92,45,'2015-07-15 04:47:09'),(93,63,'2018-04-27 23:00:00'),(93,103,'2016-08-11 11:09:11'),(96,4,'2012-06-04 15:14:25'),(96,77,'2021-03-29 23:27:59'),(96,118,'2013-01-06 06:15:04'),(100,68,'2017-09-27 17:47:01');
/*!40000 ALTER TABLE `articles_categories` ENABLE KEYS */;
UNLOCK TABLES;

--
-- Table structure for table `articles_corrections`
--

DROP TABLE IF EXISTS `articles_corrections`;
/*!40101 SET @saved_cs_client     = @@character_set_client */;
/*!50503 SET character_set_client = utf8mb4 */;
CREATE TABLE `articles_corrections` (
  `article_id` int unsigned NOT NULL COMMENT 'Ссылка на статью',
  `correction_id` int unsigned NOT NULL COMMENT 'Ссылка на правку',
  `created_at` datetime DEFAULT CURRENT_TIMESTAMP COMMENT 'Время создания строки',
  PRIMARY KEY (`article_id`,`correction_id`) COMMENT 'Составной первичный ключ',
  KEY `articles_corrections_correction_id_fk` (`correction_id`),
  CONSTRAINT `articles_corrections_article_id_fk` FOREIGN KEY (`article_id`) REFERENCES `articles` (`id`) ON DELETE CASCADE,
  CONSTRAINT `articles_corrections_correction_id_fk` FOREIGN KEY (`correction_id`) REFERENCES `corrections` (`id`) ON DELETE CASCADE
) ENGINE=InnoDB DEFAULT CHARSET=utf8mb4 COLLATE=utf8mb4_unicode_ci COMMENT='Связь статьи и правок';
/*!40101 SET character_set_client = @saved_cs_client */;

--
-- Dumping data for table `articles_corrections`
--

LOCK TABLES `articles_corrections` WRITE;
/*!40000 ALTER TABLE `articles_corrections` DISABLE KEYS */;
INSERT INTO `articles_corrections` VALUES (1,71,'2019-05-29 23:43:14'),(2,56,'2017-01-29 05:02:00'),(2,176,'2014-02-23 04:59:17'),(3,43,'2015-10-27 11:57:02'),(3,144,'2014-07-11 16:48:47'),(4,7,'2020-09-16 22:09:49'),(4,74,'2017-11-07 22:34:43'),(4,76,'2018-03-05 19:05:25'),(4,85,'2017-12-02 09:02:23'),(4,93,'2017-04-12 02:17:28'),(4,144,'2022-12-25 00:00:00'),(4,171,'2021-02-22 01:34:11'),(4,183,'2013-05-22 20:24:43'),(4,204,'2015-03-26 08:43:11'),(5,137,'2011-10-28 03:22:09'),(5,157,'2016-12-11 23:56:07'),(5,159,'2011-09-04 08:13:33'),(6,168,'2017-03-28 09:47:04'),(6,192,'2017-04-26 15:00:48'),(7,102,'2017-08-08 03:33:16'),(7,186,'2015-06-10 03:13:21'),(8,118,'2013-10-25 09:54:20'),(8,139,'2015-01-18 22:14:48'),(9,86,'2016-02-06 10:22:18'),(10,136,'2015-05-15 23:20:21'),(10,140,'2020-01-04 00:21:13'),(11,90,'2013-10-02 16:51:37'),(11,169,'2015-12-28 21:51:03'),(11,202,'2017-12-21 10:37:49'),(12,87,'2014-08-17 16:40:28'),(12,197,'2019-03-06 16:50:57'),(13,206,'2013-12-09 12:31:22'),(14,51,'2018-02-14 07:36:07'),(14,70,'2016-04-11 04:20:06'),(14,149,'2011-10-13 02:15:02'),(14,158,'2013-08-27 12:25:43'),(14,209,'2013-03-06 20:24:22'),(15,50,'2014-08-29 16:50:09'),(15,108,'2013-10-17 02:22:58'),(16,193,'2014-10-13 14:34:40'),(17,63,'2020-06-12 19:03:32'),(17,95,'2011-07-31 18:55:51'),(18,98,'2017-02-25 08:55:39'),(18,116,'2020-03-24 11:07:24'),(18,120,'2012-04-29 15:35:22'),(19,65,'2013-06-24 15:04:52'),(19,161,'2019-03-17 21:22:13'),(20,62,'2016-06-24 19:21:49'),(20,101,'2016-02-21 17:33:27'),(21,166,'2011-05-23 14:39:24'),(22,20,'2021-02-16 16:28:53'),(22,123,'2012-09-24 15:15:34'),(22,174,'2020-03-01 21:29:09'),(23,121,'2012-07-14 07:28:38'),(23,142,'2018-10-07 15:46:55'),(24,58,'2011-08-14 15:57:31'),(24,67,'2021-03-23 09:33:48'),(25,6,'2013-08-13 17:41:36'),(26,46,'2014-01-05 08:38:42'),(27,150,'2016-08-19 11:58:49'),(27,156,'2015-10-08 02:32:49'),(28,143,'2011-08-12 23:38:50'),(29,182,'2012-04-21 10:36:02'),(30,21,'2019-11-25 23:11:44'),(30,64,'2013-12-16 03:27:55'),(30,104,'2019-12-28 20:52:43'),(30,111,'2020-02-09 13:02:12'),(31,40,'2016-09-12 09:32:13'),(31,78,'2016-09-20 00:48:54'),(31,80,'2021-03-16 06:06:38'),(31,148,'2019-05-05 22:07:14'),(31,210,'2014-10-24 17:29:48'),(32,39,'2013-06-01 22:41:34'),(33,119,'2017-12-14 21:08:00'),(34,199,'2012-04-30 15:55:35'),(35,92,'2014-10-17 20:29:30'),(36,77,'2016-03-22 23:31:01'),(37,73,'2017-10-02 16:14:51'),(38,38,'2014-09-04 09:31:51'),(39,184,'2011-06-04 06:50:47'),(40,110,'2012-06-06 06:22:18'),(41,99,'2014-03-22 17:03:59'),(42,41,'2012-10-08 03:19:16'),(43,57,'2017-11-27 05:33:26'),(44,196,'2019-02-05 06:09:41'),(45,155,'2019-01-09 01:16:52'),(46,59,'2020-01-04 14:31:48'),(46,83,'2019-05-13 04:17:04'),(46,194,'2020-05-18 19:51:07'),(47,11,'2011-10-01 17:52:31'),(47,72,'2018-09-19 07:36:57'),(48,152,'2021-01-14 09:39:31'),(49,114,'2018-11-23 07:50:26'),(50,32,'2014-08-26 00:26:27'),(50,88,'2018-05-02 02:02:25'),(50,153,'2011-09-25 23:59:39'),(51,128,'2014-08-21 22:19:25'),(52,4,'2015-11-12 05:51:08'),(52,33,'2018-09-20 08:47:32'),(52,34,'2013-06-07 08:40:00'),(52,53,'2018-10-21 08:35:27'),(53,5,'2014-09-29 08:39:20'),(54,2,'2014-07-04 04:57:41'),(54,79,'2016-03-06 18:08:19'),(55,49,'2015-12-04 00:33:02'),(55,185,'2017-04-11 04:41:48'),(55,200,'2016-01-09 08:17:07'),(56,9,'2016-10-21 16:34:01'),(56,106,'2018-03-25 19:12:14'),(56,146,'2011-12-02 03:07:43'),(56,165,'2017-06-21 23:00:06'),(57,94,'2019-01-26 02:17:03'),(57,96,'2012-02-06 06:28:06'),(57,205,'2015-11-07 03:38:37'),(58,52,'2015-04-24 11:32:28'),(58,191,'2019-09-04 15:22:45'),(59,12,'2014-10-27 06:15:40'),(59,45,'2021-03-28 18:27:02'),(59,107,'2018-01-23 11:34:05'),(59,109,'2015-12-29 21:51:05'),(59,130,'2011-09-17 20:45:46'),(59,187,'2013-09-23 05:04:18'),(60,25,'2017-10-08 23:02:03'),(60,81,'2014-12-30 10:02:37'),(60,135,'2020-10-21 22:19:40'),(61,112,'2018-03-11 14:58:02'),(62,48,'2017-02-27 02:00:08'),(63,97,'2013-05-22 12:41:16'),(64,13,'2020-03-08 09:53:02'),(64,61,'2012-12-13 07:49:44'),(64,105,'2020-06-02 00:19:54'),(64,115,'2014-10-29 01:40:55'),(64,189,'2016-05-11 12:33:04'),(65,177,'2020-08-28 09:41:57'),(66,181,'2020-08-08 21:52:32'),(67,167,'2014-05-18 07:52:22'),(68,8,'2012-10-22 15:01:35'),(68,10,'2016-11-16 03:24:56'),(69,17,'2020-01-07 06:30:23'),(69,24,'2013-11-25 12:49:52'),(69,36,'2012-05-07 01:58:29'),(69,134,'2015-11-18 10:41:56'),(69,208,'2018-11-30 10:33:56'),(70,138,'2015-01-15 20:29:05'),(70,145,'2012-07-30 08:16:34'),(70,188,'2014-03-12 01:08:09'),(71,27,'2012-05-27 07:40:12'),(71,162,'2012-01-04 14:29:58'),(72,54,'2019-03-30 23:39:54'),(73,91,'2015-02-11 17:58:50'),(73,179,'2011-07-25 20:26:27'),(74,15,'2012-02-21 18:05:02'),(74,151,'2020-07-29 17:44:12'),(74,195,'2018-03-01 03:36:44'),(75,44,'2020-04-15 13:58:26'),(75,55,'2015-11-30 15:08:28'),(75,124,'2012-01-16 23:36:23'),(75,141,'2012-06-09 16:39:38'),(75,164,'2015-12-26 07:55:02'),(75,172,'2014-06-21 00:36:49'),(75,178,'2020-02-16 02:06:02'),(76,18,'2013-07-01 00:01:50'),(77,22,'2017-02-11 17:35:49'),(77,29,'2019-09-29 22:33:36'),(77,30,'2014-08-26 08:23:44'),(77,147,'2015-04-02 15:46:55'),(78,14,'2012-02-15 16:11:55'),(78,84,'2015-07-16 10:37:44'),(79,19,'2013-09-13 01:32:44'),(79,31,'2020-12-21 13:44:47'),(79,117,'2020-06-03 19:18:36'),(79,125,'2016-10-16 12:45:38'),(79,132,'2018-11-30 04:10:42'),(79,170,'2016-11-07 13:10:45'),(80,207,'2017-02-05 08:16:15'),(81,75,'2012-08-01 21:46:11'),(82,42,'2018-04-25 08:45:21'),(82,47,'2015-06-08 22:35:42'),(82,131,'2019-08-13 04:01:42'),(82,133,'2013-03-17 03:04:36'),(83,60,'2019-03-15 18:02:07'),(83,69,'2015-11-30 13:46:57'),(83,103,'2020-10-20 11:31:13'),(83,180,'2021-05-05 11:31:27'),(83,203,'2020-06-27 07:07:47'),(84,100,'2021-01-28 01:47:21'),(85,89,'2016-02-12 22:52:27'),(86,68,'2013-06-01 11:08:19'),(86,122,'2012-04-27 14:02:27'),(86,129,'2017-07-14 07:58:31'),(87,127,'2020-12-17 23:10:15'),(87,198,'2012-08-26 17:27:47'),(88,113,'2013-11-07 09:03:07'),(89,82,'2012-03-03 15:00:40'),(90,28,'2014-11-14 18:01:31'),(91,1,'2012-09-18 23:37:12'),(91,16,'2018-07-01 02:43:34'),(91,35,'2014-07-15 19:55:16'),(91,126,'2013-09-03 02:50:45'),(92,160,'2020-11-07 05:16:29'),(93,190,'2020-02-03 14:52:44'),(94,26,'2014-05-18 17:56:39'),(95,154,'2014-11-25 02:55:27'),(96,3,'2019-08-23 23:26:55'),(97,163,'2016-12-12 23:07:25'),(97,173,'2020-05-03 07:15:11'),(98,175,'2017-11-14 01:41:35'),(99,37,'2014-10-15 20:54:43'),(99,66,'2014-07-21 06:55:44'),(100,23,'2015-05-31 09:06:28'),(100,201,'2016-07-23 16:25:36');
/*!40000 ALTER TABLE `articles_corrections` ENABLE KEYS */;
UNLOCK TABLES;
/*!50003 SET @saved_cs_client      = @@character_set_client */ ;
/*!50003 SET @saved_cs_results     = @@character_set_results */ ;
/*!50003 SET @saved_col_connection = @@collation_connection */ ;
/*!50003 SET character_set_client  = utf8mb4 */ ;
/*!50003 SET character_set_results = utf8mb4 */ ;
/*!50003 SET collation_connection  = utf8mb4_0900_ai_ci */ ;
/*!50003 SET @saved_sql_mode       = @@sql_mode */ ;
/*!50003 SET sql_mode              = 'ONLY_FULL_GROUP_BY,STRICT_TRANS_TABLES,NO_ZERO_IN_DATE,NO_ZERO_DATE,ERROR_FOR_DIVISION_BY_ZERO,NO_ENGINE_SUBSTITUTION' */ ;
DELIMITER ;;
/*!50003 CREATE*/ /*!50017 DEFINER=`root`@`localhost`*/ /*!50003 TRIGGER `chek_last_correction` BEFORE INSERT ON `articles_corrections` FOR EACH ROW BEGIN
	declare last_edit DATEtime;
	select created_at INTO last_edit from articles_corrections where new.article_id = article_id order by created_at DESC limit 1;       
	if new.created_at < last_edit then  
	    SIGNAL SQLSTATE '45000'
        SET MESSAGE_TEXT = last_edit;
   end if;
END */;;
DELIMITER ;
/*!50003 SET sql_mode              = @saved_sql_mode */ ;
/*!50003 SET character_set_client  = @saved_cs_client */ ;
/*!50003 SET character_set_results = @saved_cs_results */ ;
/*!50003 SET collation_connection  = @saved_col_connection */ ;

--
-- Table structure for table `articles_media`
--

DROP TABLE IF EXISTS `articles_media`;
/*!40101 SET @saved_cs_client     = @@character_set_client */;
/*!50503 SET character_set_client = utf8mb4 */;
CREATE TABLE `articles_media` (
  `article_id` int unsigned NOT NULL COMMENT 'Ссылка на статью',
  `media_id` int unsigned NOT NULL COMMENT 'Ссылка на медиафайл',
  `created_at` datetime DEFAULT CURRENT_TIMESTAMP COMMENT 'Время создания строки',
  PRIMARY KEY (`article_id`,`media_id`) COMMENT 'Составной первичный ключ',
  KEY `articles_medias_media_id_fk` (`media_id`),
  CONSTRAINT `articles_medias_article_id_fk` FOREIGN KEY (`article_id`) REFERENCES `articles` (`id`) ON DELETE CASCADE,
  CONSTRAINT `articles_medias_media_id_fk` FOREIGN KEY (`media_id`) REFERENCES `media` (`id`) ON DELETE CASCADE
) ENGINE=InnoDB DEFAULT CHARSET=utf8mb4 COLLATE=utf8mb4_unicode_ci COMMENT='Связь статьи и иллюстраций';
/*!40101 SET character_set_client = @saved_cs_client */;

--
-- Dumping data for table `articles_media`
--

LOCK TABLES `articles_media` WRITE;
/*!40000 ALTER TABLE `articles_media` DISABLE KEYS */;
INSERT INTO `articles_media` VALUES (1,36,'2016-04-23 12:21:30'),(1,65,'2012-02-25 12:03:44'),(1,67,'2012-10-31 06:43:00'),(3,53,'2013-06-12 22:47:55'),(4,12,'2013-03-24 18:29:39'),(6,16,'2018-02-01 21:24:06'),(7,13,'2017-03-08 00:41:07'),(10,10,'2012-01-29 12:12:44'),(12,2,'2018-12-31 06:51:30'),(12,14,'2020-09-24 09:44:40'),(12,95,'2019-02-21 10:38:31'),(14,64,'2012-02-22 02:11:13'),(15,43,'2013-02-12 00:42:53'),(17,72,'2019-08-26 07:48:04'),(18,59,'2012-07-31 06:49:00'),(20,17,'2012-02-11 16:13:03'),(20,62,'2019-02-16 16:02:33'),(22,78,'2013-02-07 15:47:11'),(23,79,'2011-06-05 17:32:27'),(24,8,'2017-12-12 01:20:46'),(25,59,'2012-01-27 02:14:57'),(27,63,'2011-10-29 11:27:09'),(28,54,'2013-07-07 02:36:31'),(29,32,'2018-09-27 01:03:55'),(31,26,'2017-07-14 03:59:59'),(33,9,'2014-05-12 16:32:15'),(33,70,'2015-04-29 18:38:13'),(35,50,'2013-10-20 14:39:15'),(39,10,'2012-01-16 14:33:06'),(39,24,'2020-10-14 10:19:33'),(39,38,'2020-05-31 19:31:03'),(40,42,'2017-04-06 09:24:46'),(42,91,'2019-06-05 10:13:17'),(45,49,'2020-03-03 19:05:31'),(46,32,'2018-09-02 01:36:34'),(46,89,'2019-10-09 03:09:09'),(47,7,'2017-12-04 03:21:22'),(50,19,'2013-01-18 10:03:18'),(53,51,'2017-11-03 11:49:54'),(53,54,'2015-08-06 07:24:22'),(54,83,'2011-12-28 10:16:34'),(55,34,'2011-12-16 21:37:44'),(55,79,'2016-12-03 17:42:00'),(56,22,'2016-10-23 10:50:07'),(56,28,'2015-09-18 12:51:40'),(57,16,'2020-02-07 03:23:43'),(58,22,'2012-07-14 13:08:58'),(59,11,'2013-03-19 00:43:17'),(59,65,'2020-11-01 21:38:41'),(62,57,'2011-09-28 09:24:03'),(63,26,'2020-12-29 16:09:47'),(63,76,'2014-11-27 11:18:37'),(65,56,'2019-05-13 22:26:23'),(65,77,'2014-08-20 00:45:52'),(73,45,'2020-08-11 05:48:30'),(73,52,'2019-12-22 16:35:44'),(76,84,'2012-02-03 11:41:29'),(76,92,'2013-02-20 19:11:26'),(79,46,'2014-12-12 07:10:56'),(79,95,'2018-06-15 19:44:26'),(80,62,'2016-01-12 15:21:46'),(84,95,'2016-01-24 12:57:01'),(85,15,'2014-12-19 00:18:51'),(88,13,'2017-08-27 18:00:45'),(90,5,'2017-06-13 00:37:09'),(91,38,'2015-12-29 13:46:17'),(91,92,'2016-03-19 15:46:56'),(92,56,'2015-01-21 12:23:03'),(92,79,'2019-04-23 13:06:09'),(93,75,'2012-03-15 06:31:47'),(95,42,'2017-12-15 21:27:22'),(97,52,'2013-11-20 22:56:43'),(98,45,'2017-01-21 15:53:19'),(98,86,'2016-03-25 03:55:59'),(99,8,'2013-07-05 20:56:21');
/*!40000 ALTER TABLE `articles_media` ENABLE KEYS */;
UNLOCK TABLES;

--
-- Table structure for table `categories`
--

DROP TABLE IF EXISTS `categories`;
/*!40101 SET @saved_cs_client     = @@character_set_client */;
/*!50503 SET character_set_client = utf8mb4 */;
CREATE TABLE `categories` (
  `id` int unsigned NOT NULL AUTO_INCREMENT COMMENT 'Идентификатор строки',
  `name` varchar(225) CHARACTER SET utf8mb4 COLLATE utf8mb4_unicode_ci NOT NULL COMMENT 'Название рубрики',
  `created_at` datetime DEFAULT CURRENT_TIMESTAMP COMMENT 'Время создания строки',
  `updated_at` datetime DEFAULT CURRENT_TIMESTAMP ON UPDATE CURRENT_TIMESTAMP COMMENT 'Время обновления строки',
  PRIMARY KEY (`id`)
) ENGINE=InnoDB AUTO_INCREMENT=121 DEFAULT CHARSET=utf8mb4 COLLATE=utf8mb4_unicode_ci COMMENT='Рубрики';
/*!40101 SET character_set_client = @saved_cs_client */;

--
-- Dumping data for table `categories`
--

LOCK TABLES `categories` WRITE;
/*!40000 ALTER TABLE `categories` DISABLE KEYS */;
INSERT INTO `categories` VALUES (1,'qui','2014-01-16 01:22:41','2020-09-27 02:12:35'),(2,'quas','2018-12-25 07:45:02','2018-12-25 07:45:02'),(3,'est','2014-01-09 00:28:01','2014-01-09 00:28:01'),(4,'tenetur','2016-12-04 18:37:39','2016-12-04 18:37:39'),(5,'atque','2014-08-20 06:14:19','2014-08-20 06:14:19'),(6,'dolorum','2018-01-22 23:08:18','2018-01-27 18:44:15'),(7,'inventore','2019-09-02 09:22:54','2019-09-02 09:22:54'),(8,'nulla','2011-10-26 16:08:29','2011-10-26 16:08:29'),(9,'magni','2015-04-05 19:28:13','2015-04-05 19:28:13'),(10,'ab','2012-05-14 15:44:04','2012-05-14 15:44:04'),(11,'animi','2019-08-10 23:45:40','2019-08-10 23:45:40'),(12,'optio','2018-11-03 23:11:18','2018-11-03 23:11:18'),(13,'mollitia','2019-02-16 14:06:24','2019-02-16 14:06:24'),(14,'molestiae','2013-07-22 06:47:36','2017-10-06 17:19:14'),(15,'animi','2015-05-10 03:09:23','2017-06-03 02:36:46'),(16,'dolorem','2019-05-14 02:45:34','2019-05-14 02:45:34'),(17,'dolorum','2012-03-01 12:03:57','2020-10-03 15:16:36'),(18,'molestiae','2015-01-31 16:06:47','2018-07-17 07:13:17'),(19,'velit','2014-12-29 05:32:25','2014-12-29 05:32:25'),(20,'aut','2011-08-07 00:13:39','2021-05-13 08:34:05'),(21,'optio','2018-11-02 07:25:48','2018-11-02 07:25:48'),(22,'voluptatem','2012-09-08 03:36:10','2015-09-22 00:35:26'),(23,'et','2011-07-31 17:32:12','2020-08-13 09:02:27'),(24,'eum','2016-05-16 03:01:12','2019-07-09 05:15:41'),(25,'ipsam','2018-11-06 01:49:27','2018-11-06 01:49:27'),(26,'maiores','2012-07-08 01:47:26','2016-03-30 21:48:21'),(27,'beatae','2019-09-07 17:21:08','2019-09-07 17:21:08'),(28,'nostrum','2016-03-19 04:01:23','2017-04-09 18:54:08'),(29,'doloremque','2016-01-28 11:32:19','2016-01-28 11:32:19'),(30,'provident','2019-01-17 00:14:19','2019-01-17 00:14:19'),(31,'reiciendis','2016-01-19 08:00:54','2016-01-19 08:00:54'),(32,'qui','2013-02-06 19:28:31','2013-06-11 07:36:14'),(33,'voluptates','2017-10-22 04:57:00','2017-10-22 04:57:00'),(34,'similique','2014-04-16 16:04:15','2018-06-08 10:50:47'),(35,'earum','2017-08-01 11:15:20','2017-08-01 11:15:20'),(36,'molestias','2019-10-28 09:23:02','2019-10-28 09:23:02'),(37,'atque','2015-09-09 15:57:41','2018-07-20 23:34:10'),(38,'sit','2014-06-04 00:50:44','2018-07-30 19:14:15'),(39,'adipisci','2016-11-02 10:22:55','2016-11-02 10:22:55'),(40,'et','2019-02-28 15:03:37','2019-02-28 15:03:37'),(41,'quis','2021-01-08 19:34:23','2021-01-08 19:34:23'),(42,'sequi','2020-11-01 01:43:30','2020-11-01 01:43:30'),(43,'corporis','2021-04-18 09:39:07','2021-04-18 09:39:07'),(44,'pariatur','2013-12-15 09:03:50','2019-03-06 01:07:44'),(45,'vero','2017-02-09 07:24:25','2017-02-09 07:24:25'),(46,'exercitationem','2014-06-15 04:44:47','2015-04-19 07:05:50'),(47,'sequi','2012-02-05 15:58:08','2018-05-23 02:27:50'),(48,'laborum','2012-06-25 10:59:49','2020-05-28 01:30:09'),(49,'odio','2020-10-07 01:24:23','2020-10-07 01:24:23'),(50,'fuga','2019-11-05 06:43:57','2019-11-05 06:43:57'),(51,'et','2019-05-31 06:46:11','2019-05-31 06:46:11'),(52,'debitis','2012-10-22 02:13:22','2014-11-13 00:14:27'),(53,'voluptatum','2017-08-25 21:57:52','2017-08-25 21:57:52'),(54,'accusantium','2012-02-01 05:00:03','2018-03-29 12:03:30'),(55,'beatae','2015-09-30 01:12:30','2020-09-29 01:29:38'),(56,'sint','2013-07-03 05:46:17','2013-07-03 05:46:17'),(57,'ducimus','2018-02-21 00:46:45','2018-02-21 00:46:45'),(58,'ut','2016-05-07 06:16:41','2018-08-25 07:38:27'),(59,'laborum','2014-07-14 13:27:51','2014-07-14 13:27:51'),(60,'ut','2018-04-28 15:04:10','2020-03-05 00:25:09'),(61,'nihil','2012-06-07 06:07:56','2012-06-07 06:07:56'),(62,'blanditiis','2015-02-23 03:16:50','2015-02-23 03:16:50'),(63,'delectus','2017-05-12 06:43:30','2017-05-12 06:43:30'),(64,'voluptatem','2013-07-27 01:38:47','2017-07-09 15:15:25'),(65,'qui','2012-05-12 07:14:52','2013-07-19 08:46:02'),(66,'natus','2012-08-01 02:09:50','2018-06-22 12:08:13'),(67,'dicta','2012-02-24 02:55:57','2016-01-03 07:25:13'),(68,'qui','2019-01-23 01:16:45','2019-01-23 01:16:45'),(69,'vel','2013-04-08 00:08:55','2013-04-08 00:08:55'),(70,'eius','2014-08-05 13:58:58','2014-08-05 13:58:58'),(71,'qui','2016-04-14 08:13:09','2016-04-14 08:13:09'),(72,'non','2012-11-13 06:57:50','2019-02-10 00:22:43'),(73,'culpa','2013-04-04 00:09:57','2014-05-06 17:22:17'),(74,'necessitatibus','2019-05-27 02:56:46','2019-05-27 02:56:46'),(75,'ut','2020-10-17 16:26:11','2020-10-17 16:26:11'),(76,'et','2019-01-07 07:01:21','2019-01-07 07:01:21'),(77,'veritatis','2020-09-15 04:18:10','2020-09-15 04:18:10'),(78,'ut','2013-06-26 21:25:17','2015-08-29 14:58:23'),(79,'repellat','2020-12-08 10:36:09','2020-12-08 10:36:09'),(80,'expedita','2018-06-28 04:33:46','2018-06-28 04:33:46'),(81,'ut','2017-02-17 14:52:53','2017-02-17 14:52:53'),(82,'sapiente','2012-07-09 16:11:09','2018-01-29 22:40:03'),(83,'qui','2011-05-21 11:14:35','2018-01-16 00:50:37'),(84,'et','2020-08-21 06:33:39','2020-08-21 06:33:39'),(85,'eum','2013-09-15 12:52:58','2013-09-15 12:52:58'),(86,'sint','2016-11-28 10:12:30','2018-07-04 14:48:26'),(87,'sapiente','2020-01-19 18:52:11','2020-11-10 09:04:02'),(88,'unde','2019-01-25 11:12:47','2019-01-25 11:12:47'),(89,'ut','2011-05-18 06:37:21','2012-04-29 02:36:05'),(90,'quibusdam','2018-03-08 16:17:38','2018-03-08 16:17:38'),(91,'dicta','2016-03-24 04:21:49','2019-07-04 18:05:30'),(92,'rerum','2014-12-22 02:26:56','2020-02-12 09:16:01'),(93,'dolorem','2020-11-24 07:13:20','2020-11-24 07:13:20'),(94,'et','2012-05-10 16:25:50','2019-11-18 21:11:14'),(95,'dolore','2017-05-01 06:34:09','2018-01-09 14:37:15'),(96,'rerum','2017-01-25 04:59:09','2017-01-25 04:59:09'),(97,'ipsum','2020-12-05 18:41:12','2020-12-05 18:41:12'),(98,'suscipit','2020-12-07 12:57:25','2021-03-25 20:42:51'),(99,'dolorem','2013-09-09 02:30:05','2019-04-06 12:19:48'),(100,'possimus','2018-08-02 00:33:46','2018-08-02 00:33:46'),(101,'numquam','2015-04-10 02:44:27','2019-03-17 03:03:22'),(102,'eius','2018-10-05 01:32:32','2018-10-05 01:32:32'),(103,'accusamus','2011-07-31 06:25:59','2015-03-30 04:29:21'),(104,'quia','2015-05-09 02:26:07','2015-05-09 02:26:07'),(105,'soluta','2012-03-10 07:16:07','2013-10-29 09:41:54'),(106,'consequatur','2019-12-30 11:15:52','2019-12-30 11:15:52'),(107,'quos','2021-05-04 21:07:56','2021-05-04 21:07:56'),(108,'quisquam','2020-05-06 09:45:47','2020-05-06 09:45:47'),(109,'consectetur','2014-10-06 05:21:53','2020-12-10 02:15:37'),(110,'labore','2017-10-06 11:05:15','2018-07-04 17:46:58'),(111,'ut','2018-12-31 01:54:46','2018-12-31 01:54:46'),(112,'blanditiis','2012-02-23 21:52:45','2017-03-09 20:31:07'),(113,'perspiciatis','2012-10-17 04:45:57','2015-10-13 03:12:34'),(114,'ut','2015-09-30 14:48:01','2020-08-21 14:53:08'),(115,'laboriosam','2016-06-08 13:18:35','2017-03-25 00:00:02'),(116,'eos','2018-11-10 22:16:16','2018-11-10 22:16:16'),(117,'amet','2013-08-31 00:34:46','2015-11-02 07:12:23'),(118,'maiores','2017-04-21 20:10:45','2017-04-21 20:10:45'),(119,'qui','2021-03-10 22:53:20','2021-03-10 22:53:20'),(120,'velit','2012-12-07 22:05:27','2021-05-13 20:18:54');
/*!40000 ALTER TABLE `categories` ENABLE KEYS */;
UNLOCK TABLES;

--
-- Table structure for table `corrections`
--

DROP TABLE IF EXISTS `corrections`;
/*!40101 SET @saved_cs_client     = @@character_set_client */;
/*!50503 SET character_set_client = utf8mb4 */;
CREATE TABLE `corrections` (
  `id` int unsigned NOT NULL AUTO_INCREMENT COMMENT 'Идентификатор правки',
  `str_number` int unsigned NOT NULL COMMENT 'Номер строки',
  `old_str` text CHARACTER SET utf8mb4 COLLATE utf8mb4_unicode_ci NOT NULL COMMENT 'Старый текст',
  `new_str` text CHARACTER SET utf8mb4 COLLATE utf8mb4_unicode_ci NOT NULL COMMENT 'Новый текст',
  `user_id` int unsigned NOT NULL COMMENT 'Ссылка на пользователя, который внес правку',
  `is_deleted` tinyint(1) NOT NULL DEFAULT '0' COMMENT 'Признак отмены',
  PRIMARY KEY (`id`),
  KEY `corrections_user_id_fk` (`user_id`),
  CONSTRAINT `corrections_user_id_fk` FOREIGN KEY (`user_id`) REFERENCES `users` (`id`) ON DELETE RESTRICT
) ENGINE=InnoDB AUTO_INCREMENT=211 DEFAULT CHARSET=utf8mb4 COLLATE=utf8mb4_unicode_ci COMMENT='Таблиц правок';
/*!40101 SET character_set_client = @saved_cs_client */;

--
-- Dumping data for table `corrections`
--

LOCK TABLES `corrections` WRITE;
/*!40000 ALTER TABLE `corrections` DISABLE KEYS */;
INSERT INTO `corrections` VALUES (1,37,'Dolorum modi at molestiae reiciendis sed.','Neque cupiditate aut pariatur quia.',2,1),(2,17,'Dolore et non voluptas.','Quia perspiciatis pariatur sed consequatur.',35,0),(3,54,'Sed recusandae tempora vel facilis.','Autem consequatur qui et inventore illo rerum.',29,0),(4,84,'Ipsam fugit veniam nostrum et.','Cumque eos rerum molestias facilis soluta a.',29,0),(5,82,'Veniam optio quia eius earum.','Libero soluta placeat facilis sint.',95,1),(6,72,'Mollitia velit omnis aperiam occaecati error.','Suscipit aut voluptatem quis voluptas cupiditate eos inventore architecto.',74,0),(7,72,'Earum corporis quis adipisci error.','Ea eveniet quod vel impedit sunt dolor.',65,1),(8,87,'Eum qui voluptatum sapiente.','Est occaecati autem voluptas qui repudiandae modi exercitationem.',73,0),(9,69,'Voluptatem maiores id ducimus a.','Dolorum soluta quia quas dolorum blanditiis quibusdam sunt.',77,0),(10,50,'Optio quod sed eligendi non et.','Hic dolores repellendus nemo quia.',71,0),(11,6,'Harum at omnis voluptate repellendus.','Sit laboriosam exercitationem repudiandae harum dolore.',57,1),(12,87,'Ipsam fuga et ad placeat fuga quo adipisci.','Vel sit alias ratione voluptas assumenda animi asperiores.',41,1),(13,48,'Nihil nesciunt consequuntur deserunt odit esse delectus.','Ea et ratione quo nemo dolorem tempore.',64,0),(14,28,'Commodi facilis dolore nihil recusandae.','Est facere nam rem omnis quisquam omnis provident.',95,0),(15,45,'Distinctio rerum ea maxime error.','Commodi et omnis enim nam qui tempora.',19,1),(16,59,'Ipsum expedita et et qui accusamus.','Ex magnam commodi reprehenderit nobis nam delectus.',28,1),(17,15,'Tempore porro aperiam necessitatibus quasi.','Qui non et a velit fuga repellat.',64,0),(18,74,'Et perferendis cum quos qui.','Delectus veniam quod et qui a nihil optio.',37,0),(19,93,'Et laboriosam aliquam id sed dicta est.','Pariatur ipsa voluptas reiciendis voluptates.',41,1),(20,36,'Quo et consequatur libero maiores aperiam voluptas nesciunt.','Eius sit debitis earum voluptas repellat consectetur vel maxime.',21,0),(21,5,'Enim enim blanditiis et qui facere molestias harum.','Eius et quaerat id accusamus ut.',65,1),(22,30,'Aut doloremque nihil ea consectetur.','Ut voluptas molestias praesentium qui nulla laudantium.',80,1),(23,38,'Est cupiditate aperiam error cumque praesentium quia reprehenderit.','Odio ipsa quam molestiae et ex.',97,1),(24,9,'Omnis sed quo id fuga atque consectetur.','Repellendus soluta aliquid illum recusandae.',82,0),(25,34,'Quae nobis modi sunt et.','Error non libero illum est dicta et odio.',60,1),(26,30,'Aliquid voluptatem eos facere nam.','Sunt in est voluptas optio ut consequatur.',22,0),(27,57,'Aut tempora et maiores earum deserunt velit autem.','Dolore repellat repellendus quia deserunt nam consequatur aspernatur perferendis.',7,1),(28,2,'Itaque et dolor nemo asperiores mollitia.','Quibusdam aut explicabo blanditiis veniam.',96,0),(29,44,'Dicta consequatur dolorum voluptatem est quia libero illum.','Ea modi vitae a modi.',6,1),(30,58,'Fugit unde modi exercitationem repudiandae voluptatem molestiae fuga.','Non iure fuga voluptas.',1,1),(31,90,'Laboriosam reiciendis atque dolore reiciendis nihil dignissimos.','Exercitationem accusamus dignissimos numquam impedit eum.',8,1),(32,42,'Illo et facere corrupti aut accusamus.','Sit et molestias tempore.',18,1),(33,87,'Sint voluptatem ullam animi ut iusto.','Quia veniam sed qui accusantium modi nam dolores.',54,1),(34,97,'Delectus aliquam inventore ut fugiat libero eaque animi.','Est eius dolores inventore explicabo corrupti error iusto numquam.',85,0),(35,12,'Minus error ut aliquid consequatur.','Et delectus deleniti eaque ex itaque ut.',48,0),(36,56,'Doloremque et quis vitae.','Qui repellat earum sunt nam tempora.',37,1),(37,44,'Non similique voluptas sit vel.','Assumenda quo voluptates veritatis.',41,1),(38,94,'Possimus ea dolorem officia repellendus maiores mollitia.','Sequi non voluptatibus sit in omnis.',66,0),(39,57,'Rerum id quam et illo voluptatibus reiciendis at occaecati.','Odit repellendus iusto molestias delectus et assumenda ullam.',63,1),(40,74,'Enim iure tempore esse minima nesciunt consequatur aut.','Dolor voluptatem quam accusantium ipsa illo ducimus commodi.',75,1),(41,68,'At vitae laborum possimus tempore et facilis.','Ab error unde commodi ipsum voluptatem ullam aperiam.',13,1),(42,15,'Sint aut natus iusto ipsam aut natus.','Itaque ad ut iste voluptatem aut quidem.',45,1),(43,67,'Maxime ducimus quia accusantium est non consequatur qui.','Impedit voluptatum et qui sed exercitationem blanditiis alias possimus.',49,0),(44,98,'Asperiores voluptatibus quos dolores neque.','Quis quisquam qui et laboriosam nobis eum optio.',89,0),(45,36,'Adipisci aperiam ullam repellat esse consequatur quis.','Rerum et consequatur molestiae aspernatur placeat ut.',71,1),(46,98,'Minus voluptas vel rem sint.','Repellendus numquam suscipit nostrum facilis alias hic.',70,1),(47,87,'Voluptatem similique veritatis quia quia dolorem voluptatem tenetur.','Quod perspiciatis error non corrupti facilis hic nostrum.',26,1),(48,38,'Rerum repellat dignissimos et aperiam.','Minima vel impedit nesciunt.',29,1),(49,88,'Eligendi ipsam sapiente perferendis sint corporis.','Explicabo illum neque aperiam iusto molestias.',9,0),(50,35,'Architecto saepe impedit id minima quo eius.','Occaecati ipsa qui nihil ut doloribus est dignissimos laudantium.',26,0),(51,58,'Officia similique odit doloremque consequatur accusantium.','Eum inventore blanditiis perferendis recusandae ipsum.',79,0),(52,74,'Repellat et odit dolore ea reiciendis voluptatem.','Possimus ut vitae iste quaerat dolor ab reiciendis.',90,1),(53,46,'Velit autem nesciunt et non id harum.','Dignissimos cum officia dignissimos in fugiat sunt.',3,0),(54,99,'Et quis dicta repellendus distinctio perferendis aut eum.','Sint vel eveniet ex consequatur.',24,0),(55,34,'Pariatur adipisci explicabo illo aliquid.','Nobis recusandae eum hic in.',6,0),(56,7,'Praesentium sequi reiciendis nostrum hic ipsam reiciendis.','Et harum perferendis omnis repellendus natus molestiae.',11,1),(57,40,'Saepe sed esse molestiae quos aspernatur.','Molestias a ullam consequatur excepturi.',77,1),(58,75,'Doloremque aspernatur quia est qui dolor consequatur.','Autem occaecati sit beatae dolor ut quam.',70,0),(59,13,'Fuga vel voluptatem similique facilis nemo ut ut.','Sint quasi eum ab quas earum.',73,0),(60,53,'Dolores reprehenderit accusantium ex labore.','Quibusdam sint et reiciendis qui atque.',74,1),(61,91,'Neque voluptas molestiae voluptatum sed nisi.','Corporis earum earum enim saepe eaque necessitatibus aut.',17,1),(62,24,'Saepe consectetur et exercitationem et molestiae sit.','Aut suscipit autem est quas nulla necessitatibus.',96,0),(63,80,'Ut nostrum eveniet non quia.','Doloremque vel quod amet nisi aut consequatur nam quas.',96,1),(64,58,'Ad reprehenderit eaque voluptatibus eos.','Et repellat assumenda magni aut et beatae reprehenderit similique.',38,1),(65,78,'Aliquam eos perferendis nihil id et perspiciatis.','Omnis accusamus occaecati autem et.',83,0),(66,72,'Ut fugiat fuga dolor repellendus nihil eum beatae excepturi.','Voluptas quaerat dicta ratione non earum voluptas nostrum.',50,1),(67,50,'Consectetur qui optio accusantium est.','Amet asperiores ea rerum inventore quibusdam.',41,0),(68,78,'Vel at accusamus sed et expedita.','Quidem quisquam consequatur voluptates quia ut.',7,1),(69,52,'Ad error dicta nulla similique dignissimos.','Voluptas enim nulla vel optio.',52,0),(70,15,'Doloremque saepe maxime impedit.','Vitae omnis aut nesciunt.',65,0),(71,68,'Suscipit reprehenderit pariatur id dolore qui aliquid commodi.','Eligendi neque reprehenderit quae sed aut sapiente aut.',87,0),(72,97,'Mollitia dolor ea autem.','Impedit deserunt sit voluptatem eos fugiat.',60,1),(73,43,'Porro magni eligendi inventore hic adipisci corporis.','Nihil doloremque quisquam ut repudiandae qui.',30,1),(74,64,'Beatae deleniti consequuntur natus est odio et fugit.','Ea aut optio est dolor illo.',42,1),(75,47,'Nostrum velit dolorum alias est.','Id ipsum eos ut eum deleniti.',49,1),(76,35,'Alias enim aut laudantium corrupti impedit.','Velit officia voluptas distinctio ad nihil.',65,0),(77,6,'Nam iure officia et asperiores.','Similique mollitia exercitationem cupiditate et voluptates.',50,1),(78,60,'Cupiditate eaque voluptas corporis placeat soluta aut quis.','Quis impedit non repellendus minima.',11,1),(79,5,'Et dolores ea maiores aliquam.','Eum et eum et fugiat et amet id.',51,0),(80,31,'Ab qui at accusantium itaque.','Nostrum dolores nemo quos ut quis.',84,1),(81,27,'Quidem libero quasi omnis quod quasi.','Facere id maxime nisi et at placeat voluptatibus.',97,1),(82,41,'Dolores non odio ea est id error non rem.','Voluptatem voluptas voluptate exercitationem architecto.',90,1),(83,57,'Doloremque quam repudiandae labore consequatur saepe.','Nobis officia magni libero in at porro.',6,0),(84,20,'Accusamus voluptatem accusamus ut totam.','Consequuntur sed consequatur reprehenderit autem dolorem animi veniam.',26,1),(85,45,'Quos animi iste eaque atque velit cumque.','Asperiores consequatur animi rerum dicta.',6,0),(86,25,'Vero fuga illo temporibus provident dolores.','Consequatur occaecati sed aut ut et.',91,0),(87,23,'Soluta officiis aliquam qui et reiciendis impedit.','Aut aliquam reprehenderit ad qui officiis.',15,1),(88,2,'Quas quo ut debitis dolor.','Sed beatae aut aut sint voluptatem.',12,1),(89,9,'Sunt soluta quo eos reprehenderit.','Ex voluptatem consequuntur aut nisi temporibus.',53,0),(90,12,'Culpa autem non quia perspiciatis qui magnam.','Dicta non natus consectetur quos.',61,0),(91,96,'Incidunt illo eveniet non minus a quidem.','Ipsam ea illum voluptatem sint laudantium non.',74,1),(92,37,'Eos omnis consequuntur vitae odio.','Aut ea perferendis nihil ut libero ab.',43,0),(93,15,'Aperiam id id voluptatem maxime qui unde voluptatibus.','Corporis beatae ullam nesciunt aut dignissimos.',89,0),(94,44,'Natus asperiores laboriosam eum pariatur voluptatem suscipit pariatur.','Illum minima quisquam blanditiis quidem aut.',84,0),(95,64,'Ad illo et fugiat temporibus molestiae et sit.','Quam consequatur et quam recusandae nobis fuga nulla.',10,0),(96,83,'In velit voluptas et nisi sit optio.','Cumque expedita labore suscipit voluptatibus possimus deleniti ipsa maxime.',47,1),(97,76,'Dolorem recusandae non consectetur eligendi culpa.','Dolor aut nobis dolores consequatur consequatur placeat aut.',82,1),(98,14,'Sed modi non minus.','Beatae atque enim quis omnis voluptate dolor accusamus.',87,0),(99,4,'Sapiente est eius minus delectus illo dolores sed.','Repellendus error qui est accusantium et.',53,1),(100,10,'Rerum ducimus incidunt pariatur et quasi ipsa est.','Excepturi accusamus aperiam magnam possimus distinctio velit corporis.',60,1),(101,100,'Praesentium nihil sint aut autem.','Repellat voluptas et qui maxime esse alias sit.',1,0),(102,62,'Aliquam deserunt corrupti porro doloribus.','Accusamus autem consectetur optio distinctio tempore voluptatem.',86,0),(103,71,'Quam quae harum sunt distinctio labore.','Animi repudiandae autem dignissimos ea aliquam et nihil.',83,0),(104,57,'Autem nostrum voluptatem ullam ducimus eius.','Iure rerum consequuntur veritatis dolorem doloremque quis.',16,0),(105,56,'Officiis ut corrupti sint ut illum.','Dolore aut ut voluptatem quam rerum sed.',82,0),(106,74,'Iste unde delectus facilis velit.','Non accusamus nesciunt voluptatem eos.',85,0),(107,4,'Nam sit qui corporis nesciunt qui dolor molestiae ex.','Totam commodi et aut aut cumque atque.',94,0),(108,79,'Eaque illum quam et impedit.','Qui ut possimus quos exercitationem et.',31,1),(109,55,'Quod accusantium enim delectus doloremque placeat.','Fuga aut architecto voluptas fugiat.',23,1),(110,8,'Similique asperiores velit facere qui.','Corporis atque perspiciatis sapiente incidunt fuga labore necessitatibus fuga.',4,0),(111,62,'Impedit quia ut voluptatum ipsum.','Incidunt itaque deserunt inventore et.',75,1),(112,87,'Maxime aspernatur ipsa sunt eum ea voluptate.','Consequatur velit tempora sapiente cum eligendi inventore.',56,0),(113,61,'Atque omnis vel dolores et qui neque molestias aut.','Maxime et at sequi ut.',36,0),(114,57,'Dolor consequuntur suscipit similique rem cumque natus voluptatem.','Quia et autem voluptate ducimus qui quo.',11,1),(115,95,'Culpa veritatis esse atque ea adipisci sequi non cumque.','Enim ipsam sint et tenetur.',18,1),(116,66,'Vel eveniet reiciendis molestiae quo beatae nemo.','Molestias quod corrupti et.',15,1),(117,71,'Nesciunt in sit rem asperiores qui.','Error aperiam voluptatibus maiores harum.',48,1),(118,56,'Quo doloremque in ut cupiditate soluta reprehenderit quia.','Earum ratione libero pariatur ut voluptas.',80,0),(119,1,'Et doloribus esse dolores aliquam nesciunt.','Voluptate enim dolor qui provident dolores rerum quo et.',71,0),(120,54,'Accusantium excepturi accusantium ea sit enim rerum sit aliquam.','Et veniam sed id.',57,1),(121,59,'Est harum ipsa sequi rerum.','Voluptatibus autem ipsam qui enim sunt commodi quos.',22,0),(122,90,'Et impedit porro veritatis soluta molestiae officiis magni enim.','Ipsam quae et veniam repellendus voluptas earum.',59,0),(123,61,'Tempore reprehenderit harum dolore earum dignissimos accusantium voluptatum.','Impedit voluptatibus ea debitis mollitia ipsam.',94,0),(124,74,'Ab quibusdam reprehenderit quia.','Rerum aspernatur nisi doloremque.',24,1),(125,22,'Beatae numquam molestias labore voluptatibus suscipit enim.','Voluptatibus rerum quia non magnam.',69,0),(126,17,'Fugiat numquam laboriosam consequuntur qui repellat atque nisi.','Quas laudantium nobis et necessitatibus dignissimos commodi delectus.',43,0),(127,89,'Cum reiciendis nostrum autem voluptatem commodi architecto.','Aut totam facilis illo accusamus.',93,1),(128,93,'Adipisci ratione cum culpa maiores tempora praesentium beatae.','Placeat officiis veniam quo corporis.',76,1),(129,92,'Ad et quia hic ipsam accusamus.','Sit autem quis amet quia dolore.',96,1),(130,11,'Omnis eligendi aliquam enim omnis.','Reiciendis et eligendi ea asperiores.',49,0),(131,50,'Quia sit quia autem illo repudiandae.','Impedit deserunt ut ducimus distinctio praesentium porro maiores.',6,0),(132,41,'Fuga qui ad ut omnis voluptas reprehenderit.','Laboriosam adipisci qui consectetur nulla quasi veniam pariatur.',33,1),(133,3,'Quas illum vitae et voluptatem deserunt blanditiis.','Dolores accusamus sit molestias sit et illum veniam atque.',80,0),(134,48,'Voluptatem dolor facere ea quos molestiae.','Et nesciunt enim accusantium voluptatem et.',73,1),(135,91,'Sed est sunt laudantium explicabo.','Quo hic laudantium doloremque iure qui et architecto.',14,1),(136,24,'Laborum sed voluptatem voluptas magnam voluptatem.','Nesciunt consequatur temporibus nihil deserunt pariatur iste officiis odit.',30,1),(137,5,'Et maiores consequatur qui quod.','Ut magnam repudiandae aliquam et.',62,1),(138,75,'Earum nostrum et doloremque ut.','Aut a voluptates deserunt neque.',21,0),(139,4,'Et voluptatem illum rem delectus.','Omnis ut officia ipsum.',54,1),(140,87,'Eos eum quod consequatur neque minima repudiandae.','Eaque quia doloremque autem consectetur quia animi.',65,1),(141,70,'Consequatur non rerum rerum aut eligendi voluptas.','Quia animi mollitia illo fugit.',10,1),(142,12,'Illo fuga porro enim.','Laboriosam eum numquam dolores quibusdam vitae qui magni.',63,0),(143,97,'Ut eos error eveniet dolores numquam harum.','Dignissimos qui eveniet mollitia atque.',77,1),(144,71,'Eos voluptatum vitae atque modi.','Dolorem ducimus quos et velit nulla.',77,0),(145,97,'Tenetur commodi repudiandae iusto in recusandae est.','Laudantium eaque rerum enim eum perferendis molestiae.',24,1),(146,27,'Iste corporis atque vero corporis.','Velit facilis consequuntur tempora reprehenderit ab optio aut corporis.',89,0),(147,54,'Ea vitae rerum et sed sint.','A non sequi sapiente provident qui facere.',52,0),(148,59,'Distinctio excepturi vero voluptatum dolor et voluptas.','Occaecati vero voluptatum quaerat voluptatum.',45,0),(149,61,'Exercitationem esse aut ipsa quaerat ullam.','Eius incidunt hic in quibusdam nostrum labore iure.',97,0),(150,87,'Excepturi sit dolores voluptatum adipisci deleniti et dolore ipsam.','Incidunt accusamus velit qui aperiam et vel libero.',62,0),(151,93,'Corporis est maxime neque nostrum deleniti accusamus ipsa.','Eum aut voluptatem fugit repudiandae.',25,1),(152,65,'Rerum quisquam incidunt repellat.','Deleniti praesentium qui distinctio repudiandae sit.',73,0),(153,48,'Pariatur consectetur consequatur officiis nemo ut.','Velit expedita non sit tempore ad.',23,0),(154,49,'Eligendi nisi numquam nihil quo earum sed.','Est et quidem aut earum facere iste pariatur.',98,1),(155,37,'Nemo corporis dolorem sint asperiores facere nesciunt.','Et dignissimos cupiditate occaecati et rerum minima nihil.',11,1),(156,87,'Tenetur enim alias ea commodi.','Aut labore eligendi excepturi inventore esse.',66,0),(157,22,'Repellat libero aut aliquam dolor neque facere.','Enim similique dolore voluptates rerum soluta necessitatibus aut.',19,0),(158,25,'Quam aut temporibus aut assumenda.','Non unde perferendis saepe et molestiae omnis.',10,0),(159,51,'Ducimus iste vero repellat.','Placeat vitae quidem soluta magni.',19,1),(160,11,'Ullam atque error qui qui omnis nemo.','Ducimus blanditiis et et.',62,1),(161,38,'Natus enim est rerum quis atque pariatur vitae.','Vitae eligendi et omnis non.',67,1),(162,23,'Rerum consequatur delectus provident vel explicabo autem.','Quo eveniet exercitationem neque illum quidem.',96,0),(163,78,'Inventore vero dolores quod inventore.','Modi odit earum minus.',12,0),(164,14,'Corrupti odio consequatur mollitia et dolore excepturi totam.','Odit occaecati aut rerum id sed sunt qui saepe.',93,0),(165,71,'Eum quia ex esse ducimus quidem.','Aperiam fugiat doloremque qui harum occaecati.',12,1),(166,4,'Fugiat sed molestiae et omnis.','Corporis soluta ut mollitia et.',15,0),(167,59,'Reprehenderit debitis voluptatum cumque architecto aliquid at aut.','Hic ad recusandae nesciunt at.',82,0),(168,94,'Minima earum similique laboriosam magni est minus.','Eum facere qui et perspiciatis quis.',69,0),(169,71,'Vel quia voluptatem natus nobis et libero.','Facere hic unde dignissimos.',42,1),(170,81,'Ex eum soluta provident.','Et minus laudantium praesentium est eum voluptas.',64,0),(171,23,'Maxime et ipsa aut in.','Est iste doloribus ea eos.',96,1),(172,59,'Dicta facilis assumenda non molestias reiciendis rerum.','Quidem debitis qui quo pariatur assumenda tempore.',52,0),(173,59,'Aliquam vel provident ipsam accusamus aut amet aperiam nihil.','Qui quisquam et error.',68,1),(174,31,'Ut velit cum expedita quia amet velit mollitia.','Velit cupiditate enim magnam.',86,0),(175,1,'Porro mollitia mollitia iusto natus aut.','Harum sit quia doloribus officia.',37,1),(176,83,'Minima in iusto et autem.','Incidunt in voluptates optio quibusdam est quia.',12,0),(177,58,'Quam illo sint aliquid et ab nihil tenetur.','Asperiores impedit distinctio suscipit est ipsa accusantium.',78,0),(178,33,'Ut exercitationem impedit eum cumque qui.','Suscipit repellat ex asperiores fuga.',98,0),(179,42,'Laboriosam et error nesciunt est.','Ut enim et reprehenderit numquam autem quo.',22,0),(180,33,'Alias et quasi rerum.','Illum maxime nostrum porro nisi est debitis voluptatem error.',75,0),(181,4,'Temporibus quasi et quidem ullam molestias accusantium.','Nobis commodi ut dolor ut quia ipsa.',18,1),(182,59,'Occaecati dolor quia quia voluptatum et eos dolores.','Quibusdam vel accusantium impedit voluptatibus.',28,1),(183,69,'Quos et et officiis deleniti totam voluptas.','Ut et omnis deserunt eum.',13,1),(184,1,'Consequatur aut recusandae qui sequi nobis quae inventore.','Aut natus et fugiat accusantium corrupti.',21,1),(185,49,'Culpa tempora quos nulla dolorem quas minus id.','Iure doloribus et eos rerum consequuntur quia veniam.',8,0),(186,35,'Itaque maiores eligendi facilis qui tenetur.','Natus cum amet quae facere vitae ut.',15,0),(187,80,'Rerum quos aut ut et.','Odit sit eligendi et sunt rerum veniam ea.',37,0),(188,52,'Sit iusto sed quaerat ducimus.','Aut dolor voluptas fugit eligendi dolorum.',24,1),(189,14,'Rerum aspernatur vitae ea sit harum est eum.','Qui fugit enim et commodi.',1,0),(190,64,'Rerum amet porro quod velit magnam unde.','Praesentium blanditiis voluptatem magnam expedita sint deserunt blanditiis.',99,0),(191,22,'Architecto nisi quibusdam repellendus qui maxime aut.','Sint veritatis vitae expedita consectetur in explicabo.',33,1),(192,34,'Sed repellendus qui quo architecto quasi.','Ipsum autem necessitatibus a voluptatum ipsum modi.',88,0),(193,4,'Est totam reiciendis fuga maiores ut ut.','Ut consequatur ducimus quia perspiciatis quae ut sint.',57,1),(194,50,'Molestiae suscipit qui minima placeat sint ipsum.','Architecto esse qui ratione esse.',79,0),(195,94,'Eaque expedita dolore doloribus est voluptatum aspernatur exercitationem.','Necessitatibus voluptas quaerat ullam dicta.',66,0),(196,89,'Velit voluptatibus explicabo repellat dolores tenetur.','Iure harum suscipit omnis reiciendis illum perferendis dolores.',40,1),(197,1,'Veniam ipsa et officia quaerat nobis.','Facilis laborum sit quaerat hic consequatur.',8,0),(198,4,'Sed quaerat iure quam vel.','Velit molestiae aliquid dolorem earum assumenda ex numquam.',44,0),(199,55,'Autem quas molestiae quisquam ab neque odio hic.','Ut esse qui nobis architecto perferendis ea.',55,1),(200,52,'Ut rem ut consequatur et nostrum delectus.','Deserunt distinctio veniam modi placeat ipsam quos eligendi.',45,0),(201,57,'Autem dolore nemo libero culpa quibusdam dicta.','Amet et animi velit ut aut sed fuga nihil.',48,0),(202,94,'Sit sint quibusdam hic sapiente minus.','Qui eius accusantium enim eveniet expedita velit.',63,0),(203,48,'Voluptas doloremque numquam alias provident.','Error et iure maxime est iure autem.',6,0),(204,41,'Necessitatibus ut et inventore porro accusamus aspernatur omnis.','Aperiam officia reiciendis cupiditate possimus.',6,1),(205,95,'Distinctio in ipsa tenetur sapiente dolorem ab veritatis.','Dolores quasi tenetur omnis eius.',31,1),(206,78,'Voluptatum unde minima sint et ut ut.','Sint facilis mollitia animi recusandae perspiciatis est.',35,0),(207,73,'Quo ex dolor soluta ut.','Non eum quo ut nisi et velit et consequatur.',14,0),(208,55,'Qui enim adipisci accusantium omnis atque sunt.','Fugiat nesciunt consequatur ea accusamus atque.',83,1),(209,60,'Eveniet nulla alias nostrum quaerat.','At perferendis ut suscipit corporis qui qui dolore.',64,1),(210,40,'Tenetur impedit nobis architecto quo similique et.','Et accusamus odit earum qui fugiat modi.',26,0);
/*!40000 ALTER TABLE `corrections` ENABLE KEYS */;
UNLOCK TABLES;

--
-- Table structure for table `media`
--

DROP TABLE IF EXISTS `media`;
/*!40101 SET @saved_cs_client     = @@character_set_client */;
/*!50503 SET character_set_client = utf8mb4 */;
CREATE TABLE `media` (
  `id` int unsigned NOT NULL AUTO_INCREMENT COMMENT 'Идентификатор строки',
  `user_id` int unsigned NOT NULL COMMENT 'Ссылка на пользователя, который загрузил файл',
  `filename` varchar(255) CHARACTER SET utf8mb4 COLLATE utf8mb4_unicode_ci NOT NULL COMMENT 'Путь к файлу',
  `size` int NOT NULL COMMENT 'Размер файла',
  `metadata` json DEFAULT NULL,
  `created_at` datetime DEFAULT CURRENT_TIMESTAMP COMMENT 'Время создания строки',
  `updated_at` datetime DEFAULT CURRENT_TIMESTAMP ON UPDATE CURRENT_TIMESTAMP COMMENT 'Время обновления строки',
  PRIMARY KEY (`id`),
  CONSTRAINT `media_chk_1` CHECK (json_valid(`metadata`))
) ENGINE=InnoDB AUTO_INCREMENT=101 DEFAULT CHARSET=utf8mb4 COLLATE=utf8mb4_unicode_ci COMMENT='Медиафайлы';
/*!40101 SET character_set_client = @saved_cs_client */;

--
-- Dumping data for table `media`
--

LOCK TABLES `media` WRITE;
/*!40000 ALTER TABLE `media` DISABLE KEYS */;
INSERT INTO `media` VALUES (1,9,'http://miwiki.net/media/deserunt.png',21171545,'{\"owner\": \"Myra Sanford\"}','2021-03-25 07:08:11','2021-05-15 21:03:04'),(2,22,'http://miwiki.net/media/id.jpg',2944160,'{\"owner\": \"Alba Fadel\"}','2012-06-09 20:26:48','2021-05-15 21:03:04'),(3,67,'http://miwiki.net/media/sit.mp3',51106168,'{\"owner\": \"Eve Lubowitz\"}','2016-06-07 10:37:21','2021-05-15 21:03:04'),(4,99,'http://miwiki.net/media/illo.gif',46598363,'{\"owner\": \"Filiberto Sauer\"}','2013-03-09 10:22:42','2021-05-15 21:03:04'),(5,63,'http://miwiki.net/media/cumque.png',79573315,'{\"owner\": \"Pauline Yundt\"}','2015-08-06 08:57:44','2021-05-15 21:03:04'),(6,30,'http://miwiki.net/media/nihil.gif',57971492,'{\"owner\": \"Stephon VonRueden\"}','2018-07-19 21:56:13','2021-05-15 21:03:04'),(7,11,'http://miwiki.net/media/ab.avi',51037516,'{\"owner\": \"Margarette Labadie\"}','2014-10-05 07:54:34','2021-05-15 21:03:04'),(8,34,'http://miwiki.net/media/omnis.mp4',81173108,'{\"owner\": \"Margarette Hermiston\"}','2020-08-19 10:36:58','2021-05-15 21:03:04'),(9,85,'http://miwiki.net/media/aspernatur.jpg',52652994,'{\"owner\": \"Izaiah Bechtelar\"}','2020-03-03 01:54:22','2021-05-15 21:03:04'),(10,47,'http://miwiki.net/media/pariatur.gif',19645653,'{\"owner\": \"Nayeli Price\"}','2013-09-22 13:11:53','2021-05-15 21:03:04'),(11,44,'http://miwiki.net/media/labore.mp4',40169284,'{\"owner\": \"Rhoda Huels\"}','2020-12-30 20:29:51','2021-05-15 21:03:04'),(12,31,'http://miwiki.net/media/nihil.jpg',41809464,'{\"owner\": \"Jordon Altenwerth\"}','2014-10-16 14:10:20','2021-05-15 21:03:04'),(13,35,'http://miwiki.net/media/labore.png',88439473,'{\"owner\": \"Jasper Berge\"}','2019-10-08 03:13:37','2021-05-15 21:03:04'),(14,34,'http://miwiki.net/media/accusamus.avi',16668977,'{\"owner\": \"Margarette Hermiston\"}','2016-01-13 16:56:28','2021-05-15 21:03:04'),(15,68,'http://miwiki.net/media/est.mp4',17926467,'{\"owner\": \"Callie Emmerich\"}','2014-11-10 21:28:38','2021-05-15 21:03:04'),(16,100,'http://miwiki.net/media/accusantium.avi',39525409,'{\"owner\": \"Jerrell Will\"}','2014-02-21 15:03:03','2021-05-15 21:03:04'),(17,65,'http://miwiki.net/media/minima.gif',43747647,'{\"owner\": \"Isobel Brakus\"}','2012-04-23 12:11:07','2021-05-15 21:03:04'),(18,94,'http://miwiki.net/media/sint.png',100062013,'{\"owner\": \"Cathy Purdy\"}','2020-08-24 02:50:04','2021-05-15 21:03:04'),(19,1,'http://miwiki.net/media/enim.mp3',68967128,'{\"owner\": \"Alyce Hagenes\"}','2013-07-27 01:38:19','2021-05-15 21:03:04'),(20,44,'http://miwiki.net/media/eum.png',44549602,'{\"owner\": \"Rhoda Huels\"}','2019-09-22 12:01:47','2021-05-15 21:03:04'),(21,18,'http://miwiki.net/media/error.mp3',15746632,'{\"owner\": \"Kenyatta Conroy\"}','2013-07-10 10:58:38','2021-05-15 21:03:04'),(22,6,'http://miwiki.net/media/natus.jpg',44984355,'{\"owner\": \"Oscar Hills\"}','2013-03-24 02:41:30','2021-05-15 21:03:04'),(23,6,'http://miwiki.net/media/quas.mp3',77581883,'{\"owner\": \"Oscar Hills\"}','2011-10-03 19:08:42','2021-05-15 21:03:04'),(24,47,'http://miwiki.net/media/impedit.mp3',52856352,'{\"owner\": \"Nayeli Price\"}','2016-08-02 21:21:14','2021-05-15 21:03:04'),(25,70,'http://miwiki.net/media/pariatur.mp4',31436118,'{\"owner\": \"Hal Rogahn\"}','2019-01-22 15:47:27','2021-05-15 21:03:04'),(26,33,'http://miwiki.net/media/repellendus.mp4',98511535,'{\"owner\": \"Jerald Gottlieb\"}','2015-02-13 07:59:36','2021-05-15 21:03:04'),(27,97,'http://miwiki.net/media/vel.gif',98149324,'{\"owner\": \"Bertrand Ward\"}','2018-12-25 11:44:34','2021-05-15 21:03:04'),(28,66,'http://miwiki.net/media/consequuntur.mp3',95112018,'{\"owner\": \"Eldridge Huels\"}','2012-10-20 05:32:40','2021-05-15 21:03:04'),(29,33,'http://miwiki.net/media/doloremque.png',81012124,'{\"owner\": \"Jerald Gottlieb\"}','2020-08-24 00:12:26','2021-05-15 21:03:04'),(30,39,'http://miwiki.net/media/temporibus.jpg',19624567,'{\"owner\": \"Neal O\'Conner\"}','2014-11-02 06:02:56','2021-05-15 21:03:04'),(31,55,'http://miwiki.net/media/dolorem.mp3',54986469,'{\"owner\": \"Earnestine Breitenberg\"}','2018-07-05 16:53:02','2021-05-15 21:03:04'),(32,42,'http://miwiki.net/media/nesciunt.png',15958645,'{\"owner\": \"Dorris Skiles\"}','2021-02-19 08:36:14','2021-05-15 21:03:04'),(33,60,'http://miwiki.net/media/aut.mp4',14733821,'{\"owner\": \"Emerson Tillman\"}','2020-09-04 16:32:16','2021-05-15 21:03:04'),(34,22,'http://miwiki.net/media/consequatur.mp4',25693175,'{\"owner\": \"Alba Fadel\"}','2019-06-25 11:00:40','2021-05-15 21:03:04'),(35,40,'http://miwiki.net/media/consequatur.gif',84164415,'{\"owner\": \"Freida Ruecker\"}','2019-05-29 14:42:39','2021-05-15 21:03:04'),(36,22,'http://miwiki.net/media/quae.avi',43642554,'{\"owner\": \"Alba Fadel\"}','2013-10-08 07:38:32','2021-05-15 21:03:04'),(37,52,'http://miwiki.net/media/blanditiis.png',65619527,'{\"owner\": \"Marta Casper\"}','2014-06-22 05:09:10','2021-05-15 21:03:04'),(38,50,'http://miwiki.net/media/quaerat.avi',97069978,'{\"owner\": \"Frances Luettgen\"}','2017-06-22 23:47:30','2021-05-15 21:03:04'),(39,56,'http://miwiki.net/media/voluptates.mp3',88391312,'{\"owner\": \"Omer Wisoky\"}','2011-09-28 00:45:15','2021-05-15 21:03:04'),(40,37,'http://miwiki.net/media/in.jpg',50646631,'{\"owner\": \"Dannie Metz\"}','2018-11-19 14:44:52','2021-05-15 21:03:04'),(41,96,'http://miwiki.net/media/eaque.mp3',87959223,'{\"owner\": \"Pattie Mills\"}','2021-02-05 15:47:58','2021-05-15 21:03:04'),(42,99,'http://miwiki.net/media/excepturi.jpg',87756223,'{\"owner\": \"Filiberto Sauer\"}','2014-06-11 23:24:20','2021-05-15 21:03:04'),(43,67,'http://miwiki.net/media/minima.jpg',74803453,'{\"owner\": \"Eve Lubowitz\"}','2011-08-17 06:48:32','2021-05-15 21:03:04'),(44,31,'http://miwiki.net/media/est.avi',10648597,'{\"owner\": \"Jordon Altenwerth\"}','2014-04-17 06:58:09','2021-05-15 21:03:04'),(45,33,'http://miwiki.net/media/ipsum.mp3',28732629,'{\"owner\": \"Jerald Gottlieb\"}','2013-05-28 13:33:19','2021-05-15 21:03:04'),(46,34,'http://miwiki.net/media/est.avi',11617357,'{\"owner\": \"Margarette Hermiston\"}','2015-01-16 05:30:14','2021-05-15 21:03:04'),(47,30,'http://miwiki.net/media/quos.avi',71788902,'{\"owner\": \"Stephon VonRueden\"}','2019-06-07 11:07:09','2021-05-15 21:03:04'),(48,98,'http://miwiki.net/media/rerum.mp3',23992443,'{\"owner\": \"Kailyn Medhurst\"}','2017-01-04 03:03:05','2021-05-15 21:03:04'),(49,27,'http://miwiki.net/media/sit.mp3',4495513,'{\"owner\": \"Robert Feeney\"}','2020-08-11 02:23:17','2021-05-15 21:03:04'),(50,31,'http://miwiki.net/media/dolores.jpg',50400240,'{\"owner\": \"Jordon Altenwerth\"}','2014-04-26 14:43:36','2021-05-15 21:03:04'),(51,41,'http://miwiki.net/media/architecto.jpg',38414665,'{\"owner\": \"Maxie Schulist\"}','2017-08-18 21:09:32','2021-05-15 21:03:04'),(52,44,'http://miwiki.net/media/et.mp3',40772607,'{\"owner\": \"Rhoda Huels\"}','2016-03-29 13:00:31','2021-05-15 21:03:04'),(53,36,'http://miwiki.net/media/autem.jpg',88519043,'{\"owner\": \"Scotty Prohaska\"}','2019-02-08 13:56:34','2021-05-15 21:03:04'),(54,46,'http://miwiki.net/media/vitae.mp3',20177400,'{\"owner\": \"Cordia Dare\"}','2016-08-01 21:19:48','2021-05-15 21:03:04'),(55,91,'http://miwiki.net/media/nihil.avi',35229873,'{\"owner\": \"Kira Smitham\"}','2016-12-19 23:06:50','2021-05-15 21:03:04'),(56,5,'http://miwiki.net/media/repellat.avi',15517167,'{\"owner\": \"Barry Wintheiser\"}','2013-02-08 19:19:40','2021-05-15 21:03:04'),(57,79,'http://miwiki.net/media/hic.mp4',71796222,'{\"owner\": \"Bennie Thiel\"}','2014-12-20 16:49:19','2021-05-15 21:03:04'),(58,87,'http://miwiki.net/media/quaerat.jpg',12329612,'{\"owner\": \"Emily Conroy\"}','2020-12-28 05:37:07','2021-05-15 21:03:04'),(59,71,'http://miwiki.net/media/et.mp3',46159396,'{\"owner\": \"Lester Bradtke\"}','2019-05-01 22:19:04','2021-05-15 21:03:04'),(60,11,'http://miwiki.net/media/earum.gif',93708148,'{\"owner\": \"Margarette Labadie\"}','2020-01-09 11:09:12','2021-05-15 21:03:04'),(61,25,'http://miwiki.net/media/quia.avi',29962554,'{\"owner\": \"Nona Mertz\"}','2020-06-30 19:45:42','2021-05-15 21:03:04'),(62,26,'http://miwiki.net/media/dolor.jpg',68588331,'{\"owner\": \"Mary Jaskolski\"}','2019-12-12 06:52:11','2021-05-15 21:03:04'),(63,53,'http://miwiki.net/media/quis.gif',52953994,'{\"owner\": \"Berenice Crooks\"}','2014-11-01 08:09:37','2021-05-15 21:03:04'),(64,85,'http://miwiki.net/media/consequatur.jpg',58904984,'{\"owner\": \"Izaiah Bechtelar\"}','2018-10-16 21:14:12','2021-05-15 21:03:04'),(65,48,'http://miwiki.net/media/ullam.mp3',35562942,'{\"owner\": \"Jon Cassin\"}','2016-01-09 04:59:18','2021-05-15 21:03:04'),(66,93,'http://miwiki.net/media/id.avi',999760,'{\"owner\": \"Sienna Collier\"}','2017-03-18 04:49:36','2021-05-15 21:03:04'),(67,7,'http://miwiki.net/media/laudantium.mp3',98209976,'{\"owner\": \"Mireya Lakin\"}','2013-02-23 00:36:08','2021-05-15 21:03:04'),(68,99,'http://miwiki.net/media/culpa.gif',87950605,'{\"owner\": \"Filiberto Sauer\"}','2018-04-13 19:21:05','2021-05-15 21:03:04'),(69,42,'http://miwiki.net/media/unde.gif',45023100,'{\"owner\": \"Dorris Skiles\"}','2017-09-29 01:02:35','2021-05-15 21:03:04'),(70,63,'http://miwiki.net/media/dicta.png',61163688,'{\"owner\": \"Pauline Yundt\"}','2016-07-07 15:30:15','2021-05-15 21:03:04'),(71,35,'http://miwiki.net/media/provident.mp4',70649143,'{\"owner\": \"Jasper Berge\"}','2019-06-28 11:08:10','2021-05-15 21:03:04'),(72,38,'http://miwiki.net/media/sequi.jpg',69654654,'{\"owner\": \"Bridie Stark\"}','2018-04-06 09:09:19','2021-05-15 21:03:04'),(73,61,'http://miwiki.net/media/quibusdam.jpg',36225844,'{\"owner\": \"Herminio Abbott\"}','2015-08-13 07:07:40','2021-05-15 21:03:04'),(74,1,'http://miwiki.net/media/sunt.mp3',72065262,'{\"owner\": \"Alyce Hagenes\"}','2017-03-20 22:36:10','2021-05-15 21:03:04'),(75,69,'http://miwiki.net/media/dolorum.mp3',51548783,'{\"owner\": \"Jaylan Wilkinson\"}','2018-07-03 15:26:14','2021-05-15 21:03:04'),(76,94,'http://miwiki.net/media/suscipit.mp3',41448130,'{\"owner\": \"Cathy Purdy\"}','2017-12-18 03:41:46','2021-05-15 21:03:04'),(77,35,'http://miwiki.net/media/non.avi',52494307,'{\"owner\": \"Jasper Berge\"}','2019-07-22 20:58:31','2021-05-15 21:03:04'),(78,99,'http://miwiki.net/media/ut.png',38027150,'{\"owner\": \"Filiberto Sauer\"}','2016-04-12 12:34:27','2021-05-15 21:03:04'),(79,91,'http://miwiki.net/media/reprehenderit.mp3',32552829,'{\"owner\": \"Kira Smitham\"}','2012-12-14 03:47:24','2021-05-15 21:03:04'),(80,61,'http://miwiki.net/media/error.mp4',48582702,'{\"owner\": \"Herminio Abbott\"}','2017-12-13 04:15:42','2021-05-15 21:03:04'),(81,29,'http://miwiki.net/media/sed.mp4',45155023,'{\"owner\": \"Lorna Bernhard\"}','2015-07-15 08:32:17','2021-05-15 21:03:04'),(82,32,'http://miwiki.net/media/ad.mp3',79927015,'{\"owner\": \"Arnaldo Johnson\"}','2013-12-20 12:13:47','2021-05-15 21:03:04'),(83,5,'http://miwiki.net/media/assumenda.jpg',64070011,'{\"owner\": \"Barry Wintheiser\"}','2019-07-22 10:41:05','2021-05-15 21:03:04'),(84,64,'http://miwiki.net/media/sequi.png',80469011,'{\"owner\": \"Corbin Powlowski\"}','2016-07-06 01:16:29','2021-05-15 21:03:04'),(85,77,'http://miwiki.net/media/dolores.mp3',10035027,'{\"owner\": \"Davonte Stokes\"}','2021-04-15 04:39:34','2021-05-15 21:03:04'),(86,95,'http://miwiki.net/media/aliquid.mp3',8668104,'{\"owner\": \"Charlene Pacocha\"}','2014-06-26 17:47:42','2021-05-15 21:03:04'),(87,69,'http://miwiki.net/media/beatae.mp4',13135442,'{\"owner\": \"Jaylan Wilkinson\"}','2012-12-11 05:29:24','2021-05-15 21:03:04'),(88,55,'http://miwiki.net/media/blanditiis.mp3',39572904,'{\"owner\": \"Earnestine Breitenberg\"}','2014-07-07 13:27:29','2021-05-15 21:03:04'),(89,82,'http://miwiki.net/media/deleniti.png',58358197,'{\"owner\": \"Roscoe Bode\"}','2013-02-28 18:50:38','2021-05-15 21:03:04'),(90,40,'http://miwiki.net/media/voluptas.png',72972277,'{\"owner\": \"Freida Ruecker\"}','2012-06-23 00:14:13','2021-05-15 21:03:04'),(91,66,'http://miwiki.net/media/qui.avi',89686797,'{\"owner\": \"Eldridge Huels\"}','2013-08-14 04:46:09','2021-05-15 21:03:04'),(92,6,'http://miwiki.net/media/aut.png',29417160,'{\"owner\": \"Oscar Hills\"}','2015-01-19 23:51:41','2021-05-15 21:03:04'),(93,65,'http://miwiki.net/media/enim.mp4',77925410,'{\"owner\": \"Isobel Brakus\"}','2013-05-12 18:07:13','2021-05-15 21:03:04'),(94,19,'http://miwiki.net/media/eos.mp4',1275574,'{\"owner\": \"Salma Kilback\"}','2014-05-01 22:22:47','2021-05-15 21:03:04'),(95,90,'http://miwiki.net/media/nostrum.mp3',72501642,'{\"owner\": \"Berenice Friesen\"}','2018-04-27 20:18:08','2021-05-15 21:03:04'),(96,12,'http://miwiki.net/media/repellendus.gif',58581493,'{\"owner\": \"Carolina O\'Reilly\"}','2014-04-24 00:07:28','2021-05-15 21:03:04'),(97,11,'http://miwiki.net/media/aut.mp3',75302543,'{\"owner\": \"Margarette Labadie\"}','2020-07-02 05:42:35','2021-05-15 21:03:04'),(98,97,'http://miwiki.net/media/quo.mp3',668239,'{\"owner\": \"Bertrand Ward\"}','2017-01-18 16:37:02','2021-05-15 21:03:04'),(99,10,'http://miwiki.net/media/iste.mp4',77333571,'{\"owner\": \"Silas Boyle\"}','2011-10-23 07:33:40','2021-05-15 21:03:04'),(100,52,'http://miwiki.net/media/ab.mp4',84563142,'{\"owner\": \"Marta Casper\"}','2020-09-03 05:03:41','2021-05-15 21:03:04');
/*!40000 ALTER TABLE `media` ENABLE KEYS */;
UNLOCK TABLES;

--
-- Table structure for table `quality`
--

DROP TABLE IF EXISTS `quality`;
/*!40101 SET @saved_cs_client     = @@character_set_client */;
/*!50503 SET character_set_client = utf8mb4 */;
CREATE TABLE `quality` (
  `id` int unsigned NOT NULL AUTO_INCREMENT COMMENT 'Идентификатор строки',
  `article_id` int unsigned NOT NULL COMMENT 'Ссылка на статью',
  `name` enum('Добротные статьи','Хорошие статьи','Избранные статьи','Избранные списки и порталы','Статьи года') COLLATE utf8mb4_unicode_ci DEFAULT NULL,
  `created_at` datetime DEFAULT CURRENT_TIMESTAMP COMMENT 'Время создания строки',
  `updated_at` datetime DEFAULT CURRENT_TIMESTAMP ON UPDATE CURRENT_TIMESTAMP COMMENT 'Время обновления строки',
  PRIMARY KEY (`id`),
  UNIQUE KEY `article_id` (`article_id`),
  CONSTRAINT `quality_article_id_fk` FOREIGN KEY (`article_id`) REFERENCES `articles` (`id`) ON DELETE CASCADE
) ENGINE=InnoDB AUTO_INCREMENT=36 DEFAULT CHARSET=utf8mb4 COLLATE=utf8mb4_unicode_ci COMMENT='Качественные статьи';
/*!40101 SET character_set_client = @saved_cs_client */;

--
-- Dumping data for table `quality`
--

LOCK TABLES `quality` WRITE;
/*!40000 ALTER TABLE `quality` DISABLE KEYS */;
INSERT INTO `quality` VALUES (1,66,'Избранные статьи','2019-04-10 01:25:15','2014-11-04 03:19:19'),(2,96,'Хорошие статьи','2015-01-06 19:36:54','2015-11-03 08:28:58'),(3,43,'Избранные списки и порталы','2013-02-03 13:45:43','2021-05-15 21:13:57'),(4,88,'Статьи года','2020-04-09 01:11:44','2021-05-16 16:58:16'),(5,80,'Избранные списки и порталы','2018-01-31 08:02:31','2021-05-15 21:13:57'),(6,37,'Избранные списки и порталы','2014-12-07 11:41:56','2021-05-15 21:13:57'),(7,55,'Избранные статьи','2019-01-06 19:30:28','2011-07-19 12:53:04'),(8,24,'Избранные статьи','2017-11-21 02:21:56','2016-01-29 23:15:55'),(9,10,'Хорошие статьи','2014-07-02 14:37:05','2019-04-26 06:04:31'),(10,71,'Избранные статьи','2017-09-02 04:26:48','2016-02-28 06:29:01'),(11,32,'Добротные статьи','2021-04-28 05:14:33','2014-01-02 16:20:34'),(12,8,'Добротные статьи','2020-10-04 18:53:57','2021-05-16 16:58:16'),(13,64,'Избранные статьи','2014-10-21 15:02:19','2017-03-04 13:07:42'),(14,35,'Статьи года','2011-12-21 07:02:38','2021-05-16 16:58:16'),(15,62,'Статьи года','2020-01-01 08:48:59','2019-05-22 23:48:26'),(16,11,'Хорошие статьи','2017-10-08 22:08:25','2017-05-18 00:44:18'),(17,76,'Статьи года','2019-08-01 02:48:07','2013-07-13 02:46:15'),(18,83,'Избранные статьи','2012-07-25 07:36:54','2013-10-06 06:46:17'),(19,77,'Добротные статьи','2021-01-03 09:06:51','2021-05-16 16:58:16'),(20,74,'Избранные статьи','2018-07-17 19:11:43','2017-07-19 06:49:55'),(21,21,'Добротные статьи','2015-02-08 22:45:30','2011-10-23 18:20:19'),(22,42,'Добротные статьи','2015-01-18 17:44:55','2011-07-29 05:17:07'),(23,69,'Хорошие статьи','2013-12-07 12:20:13','2012-06-14 16:50:32'),(24,34,'Добротные статьи','2014-01-13 13:36:03','2018-12-25 04:21:59'),(25,72,'Избранные статьи','2019-09-12 07:57:43','2021-05-16 16:58:16'),(26,86,'Избранные списки и порталы','2017-03-16 16:41:24','2021-05-15 21:13:57'),(27,99,'Статьи года','2018-03-05 17:01:39','2012-12-29 19:04:09'),(28,63,'Избранные статьи','2020-05-23 03:59:25','2012-08-11 07:14:49'),(29,100,'Избранные статьи','2014-11-30 01:28:05','2017-05-10 22:57:37'),(30,9,'Статьи года','2017-07-22 05:44:20','2012-03-06 04:31:38'),(31,46,'Хорошие статьи','2017-10-12 06:25:50','2014-11-27 21:39:28'),(32,65,'Избранные статьи','2014-09-12 16:06:17','2016-12-14 06:55:42'),(33,5,'Избранные статьи','2014-01-10 18:50:21','2014-03-31 14:23:33'),(34,89,'Статьи года','2016-05-20 08:27:11','2020-01-21 08:24:06'),(35,53,'Избранные списки и порталы','2015-02-27 05:03:43','2021-05-15 21:13:57');
/*!40000 ALTER TABLE `quality` ENABLE KEYS */;
UNLOCK TABLES;

--
-- Temporary view structure for view `quality_of_articles`
--

DROP TABLE IF EXISTS `quality_of_articles`;
/*!50001 DROP VIEW IF EXISTS `quality_of_articles`*/;
SET @saved_cs_client     = @@character_set_client;
/*!50503 SET character_set_client = utf8mb4 */;
/*!50001 CREATE VIEW `quality_of_articles` AS SELECT 
 1 AS `title`,
 1 AS `quality`,
 1 AS `edit_num`*/;
SET character_set_client = @saved_cs_client;

--
-- Temporary view structure for view `size_of_articles_media`
--

DROP TABLE IF EXISTS `size_of_articles_media`;
/*!50001 DROP VIEW IF EXISTS `size_of_articles_media`*/;
SET @saved_cs_client     = @@character_set_client;
/*!50503 SET character_set_client = utf8mb4 */;
/*!50001 CREATE VIEW `size_of_articles_media` AS SELECT 
 1 AS `title`,
 1 AS `all_media`*/;
SET character_set_client = @saved_cs_client;

--
-- Table structure for table `statuses`
--

DROP TABLE IF EXISTS `statuses`;
/*!40101 SET @saved_cs_client     = @@character_set_client */;
/*!50503 SET character_set_client = utf8mb4 */;
CREATE TABLE `statuses` (
  `id` int unsigned NOT NULL AUTO_INCREMENT COMMENT 'Идентификатор строки',
  `name` varchar(150) CHARACTER SET utf8mb4 COLLATE utf8mb4_unicode_ci NOT NULL COMMENT 'Название статуса',
  `created_at` datetime DEFAULT CURRENT_TIMESTAMP COMMENT 'Время создания строки',
  `updated_at` datetime DEFAULT CURRENT_TIMESTAMP ON UPDATE CURRENT_TIMESTAMP COMMENT 'Время обновления строки',
  PRIMARY KEY (`id`),
  UNIQUE KEY `name` (`name`)
) ENGINE=InnoDB AUTO_INCREMENT=51 DEFAULT CHARSET=utf8mb4 COLLATE=utf8mb4_unicode_ci COMMENT='Справочник статусов ';
/*!40101 SET character_set_client = @saved_cs_client */;

--
-- Dumping data for table `statuses`
--

LOCK TABLES `statuses` WRITE;
/*!40000 ALTER TABLE `statuses` DISABLE KEYS */;
INSERT INTO `statuses` VALUES (1,'voluptas','2015-10-20 13:08:51','2015-10-20 13:08:51'),(2,'illum','2011-08-27 16:41:31','2012-10-24 23:02:02'),(3,'quis','2018-09-21 02:39:20','2020-05-11 04:42:37'),(4,'expedita','2019-02-12 11:05:03','2019-02-12 11:05:03'),(5,'maxime','2015-04-29 07:22:48','2021-04-27 19:24:56'),(6,'aut','2015-09-19 04:33:31','2018-02-16 22:13:01'),(7,'quasi','2018-12-09 13:21:00','2020-02-27 18:05:47'),(8,'quidem','2013-12-30 20:54:52','2017-04-22 10:14:31'),(9,'rerum','2018-11-02 22:44:58','2021-05-14 11:55:30'),(10,'ut','2015-05-25 18:41:32','2015-05-25 18:41:32'),(11,'commodi','2018-08-09 14:16:51','2018-08-09 14:16:51'),(12,'voluptatem','2019-04-14 13:58:01','2020-04-06 03:43:54'),(13,'unde','2016-03-07 20:36:11','2016-03-07 20:36:11'),(14,'sapiente','2020-04-27 15:52:05','2020-04-27 15:52:05'),(15,'deserunt','2018-05-02 03:41:58','2021-02-13 05:45:39'),(16,'eum','2013-07-03 17:56:31','2019-10-16 08:08:55'),(17,'et','2021-01-01 03:59:10','2021-01-01 03:59:10'),(18,'molestiae','2012-10-29 23:41:11','2015-03-13 09:52:38'),(19,'id','2013-08-29 18:54:50','2018-01-09 19:14:50'),(20,'quo','2012-03-30 14:29:20','2016-10-25 00:26:16'),(21,'soluta','2015-07-21 23:14:04','2015-07-21 23:14:04'),(22,'assumenda','2018-02-05 00:59:19','2019-12-04 04:14:11'),(23,'quia','2021-05-07 06:26:31','2021-05-07 06:26:31'),(24,'cupiditate','2011-08-01 18:58:25','2016-12-06 09:14:18'),(25,'nemo','2016-02-08 01:02:50','2016-02-08 01:02:50'),(26,'veritatis','2019-02-06 17:07:58','2019-02-06 17:07:58'),(27,'at','2017-10-25 10:38:23','2018-09-28 12:39:40'),(28,'sed','2018-08-05 19:06:09','2020-07-21 11:51:29'),(29,'reprehenderit','2013-12-23 16:31:11','2019-07-27 20:45:29'),(30,'tenetur','2017-12-14 11:05:30','2020-03-12 11:46:27'),(31,'consequuntur','2013-04-22 12:46:57','2021-04-06 04:53:27'),(32,'dolor','2019-03-18 09:23:21','2019-03-18 09:23:21'),(33,'autem','2021-03-17 13:09:17','2021-03-17 13:09:17'),(34,'est','2019-09-15 11:38:17','2019-09-15 11:38:17'),(35,'pariatur','2020-05-22 07:49:46','2020-05-22 07:49:46'),(36,'sit','2016-10-25 22:49:35','2016-10-25 22:49:35'),(37,'omnis','2017-11-07 22:40:57','2020-03-27 06:24:04'),(38,'facilis','2016-11-01 21:18:34','2016-11-01 21:18:34'),(39,'error','2019-10-06 15:47:39','2019-10-06 15:47:39'),(40,'amet','2014-04-08 21:54:53','2014-04-08 21:54:53'),(41,'similique','2011-07-11 04:47:57','2016-04-11 20:30:35'),(42,'vel','2013-09-04 10:41:00','2016-08-25 19:46:39'),(43,'neque','2015-10-11 19:27:43','2018-03-19 09:06:46'),(44,'quaerat','2016-03-13 08:12:34','2018-07-21 15:13:12'),(45,'hic','2014-01-08 10:30:40','2015-01-07 14:43:25'),(46,'cumque','2011-12-18 11:32:24','2014-08-20 15:21:12'),(47,'repellat','2017-11-09 12:35:51','2017-11-09 12:35:51'),(48,'blanditiis','2016-01-04 02:32:20','2016-01-04 02:32:20'),(49,'ratione','2014-09-29 20:24:57','2014-09-29 20:24:57'),(50,'laudantium','2017-09-18 00:07:27','2017-09-18 00:07:27');
/*!40000 ALTER TABLE `statuses` ENABLE KEYS */;
UNLOCK TABLES;

--
-- Table structure for table `statuses_users`
--

DROP TABLE IF EXISTS `statuses_users`;
/*!40101 SET @saved_cs_client     = @@character_set_client */;
/*!50503 SET character_set_client = utf8mb4 */;
CREATE TABLE `statuses_users` (
  `user_id` int unsigned NOT NULL COMMENT 'Ссылка на пользователя',
  `status_id` int unsigned NOT NULL COMMENT 'Ссылка на статус',
  `created_at` datetime DEFAULT CURRENT_TIMESTAMP COMMENT 'Время создания строки',
  PRIMARY KEY (`user_id`,`status_id`) COMMENT 'Составной первичный ключ',
  KEY `statuses_users_status_id_fk` (`status_id`),
  CONSTRAINT `statuses_users_status_id_fk` FOREIGN KEY (`status_id`) REFERENCES `statuses` (`id`) ON DELETE CASCADE,
  CONSTRAINT `statuses_users_user_id_fk` FOREIGN KEY (`user_id`) REFERENCES `users` (`id`) ON DELETE CASCADE
) ENGINE=InnoDB DEFAULT CHARSET=utf8mb4 COLLATE=utf8mb4_unicode_ci COMMENT='Статус пользователя';
/*!40101 SET character_set_client = @saved_cs_client */;

--
-- Dumping data for table `statuses_users`
--

LOCK TABLES `statuses_users` WRITE;
/*!40000 ALTER TABLE `statuses_users` DISABLE KEYS */;
INSERT INTO `statuses_users` VALUES (1,19,'2016-05-10 12:22:28'),(2,34,'2019-01-24 09:23:14'),(2,42,'2018-12-06 04:45:18'),(5,6,'2012-04-10 11:12:32'),(6,30,'2016-05-14 22:21:49'),(6,34,'2016-07-12 09:37:06'),(6,41,'2020-11-02 19:39:37'),(6,43,'2011-07-14 06:33:32'),(6,46,'2019-04-05 18:31:48'),(8,11,'2015-04-29 03:03:52'),(8,28,'2014-04-24 18:14:21'),(10,8,'2017-06-26 07:25:14'),(10,14,'2016-08-04 10:02:15'),(10,18,'2011-11-20 16:45:14'),(10,28,'2015-10-23 01:41:37'),(10,35,'2013-08-10 16:00:36'),(10,48,'2017-11-27 05:19:36'),(12,19,'2014-12-01 07:44:54'),(13,18,'2014-12-16 11:38:45'),(14,14,'2018-12-11 12:25:19'),(14,32,'2018-03-16 17:31:37'),(14,41,'2014-04-10 19:21:29'),(14,47,'2017-05-25 02:23:50'),(15,31,'2015-01-16 13:22:40'),(15,41,'2014-02-09 03:09:28'),(16,16,'2020-08-17 10:19:02'),(16,21,'2012-09-02 06:36:36'),(16,46,'2012-12-22 04:05:04'),(17,22,'2015-12-22 10:24:40'),(19,8,'2011-06-03 17:18:35'),(23,7,'2014-11-08 20:35:18'),(24,2,'2017-04-15 14:59:17'),(24,10,'2013-10-26 13:42:30'),(24,21,'2015-08-07 10:50:54'),(24,31,'2019-08-22 18:07:28'),(24,46,'2019-04-03 20:48:23'),(25,29,'2015-09-21 08:18:07'),(25,42,'2021-01-24 17:55:58'),(26,32,'2014-03-12 04:30:38'),(26,46,'2021-04-11 13:43:48'),(27,5,'2013-11-15 03:45:26'),(28,4,'2016-10-07 17:33:31'),(29,3,'2019-07-06 19:09:24'),(29,12,'2020-01-13 03:20:34'),(30,17,'2011-06-05 03:46:22'),(30,23,'2016-04-22 11:29:43'),(30,36,'2013-10-20 01:22:56'),(30,46,'2016-03-02 08:42:07'),(33,2,'2013-09-20 14:19:35'),(33,7,'2019-12-15 20:28:33'),(33,10,'2017-11-11 19:22:17'),(33,21,'2020-12-12 13:33:27'),(34,4,'2012-03-31 01:45:57'),(34,15,'2019-04-13 23:03:20'),(34,34,'2018-05-09 23:55:20'),(35,1,'2016-12-18 22:10:23'),(35,5,'2020-12-14 00:28:02'),(35,7,'2015-04-29 09:43:17'),(36,5,'2016-08-11 06:41:53'),(36,21,'2012-01-26 22:19:07'),(36,47,'2012-07-29 21:45:15'),(37,34,'2014-06-29 16:08:08'),(40,42,'2014-11-19 11:39:27'),(40,48,'2021-02-08 06:42:19'),(41,34,'2018-07-22 10:32:06'),(42,39,'2020-01-23 19:43:48'),(43,4,'2015-02-24 07:25:20'),(43,19,'2011-07-06 10:14:43'),(43,36,'2019-07-13 06:20:34'),(44,1,'2014-11-15 14:07:06'),(44,30,'2012-11-25 11:04:11'),(44,31,'2019-06-18 15:06:17'),(44,49,'2011-06-16 23:27:06'),(47,48,'2014-07-10 18:19:13'),(48,27,'2021-03-16 21:31:33'),(48,38,'2021-02-28 02:39:55'),(48,41,'2015-02-23 14:31:21'),(49,5,'2017-02-12 05:29:35'),(49,17,'2017-08-19 02:50:45'),(49,18,'2018-01-19 07:31:28'),(49,28,'2016-07-18 07:13:19'),(51,6,'2016-11-14 12:05:10'),(54,4,'2012-02-08 17:47:24'),(54,12,'2019-09-30 15:44:11'),(54,48,'2014-01-29 17:56:28'),(56,45,'2017-07-28 14:26:21'),(57,43,'2018-08-12 01:28:12'),(58,8,'2013-07-07 21:30:14'),(59,2,'2017-08-22 15:42:19'),(59,16,'2017-08-13 02:19:56'),(59,18,'2017-03-09 14:33:55'),(59,24,'2012-01-15 01:40:06'),(61,7,'2015-03-19 01:51:45'),(61,12,'2015-04-04 07:04:31'),(62,27,'2014-07-14 09:56:19'),(63,26,'2014-09-11 21:03:10'),(63,28,'2015-10-09 05:48:38'),(66,4,'2013-01-22 05:13:58'),(66,11,'2016-06-03 08:31:12'),(66,16,'2019-02-19 01:44:55'),(66,20,'2012-10-21 04:14:00'),(67,50,'2017-03-21 01:34:36'),(68,32,'2013-09-09 07:14:56'),(71,8,'2012-05-12 11:07:09'),(72,50,'2011-07-24 07:08:12'),(74,10,'2019-12-20 15:56:55'),(74,33,'2020-09-30 23:30:18'),(74,43,'2013-08-28 13:42:01'),(75,36,'2019-12-08 01:49:38'),(75,45,'2020-11-17 13:13:19'),(76,5,'2014-09-07 03:55:31'),(76,30,'2019-02-28 14:18:57'),(76,50,'2019-06-27 09:57:36'),(77,37,'2018-05-01 14:19:51'),(77,45,'2020-09-04 10:41:17'),(77,50,'2017-06-03 05:38:42'),(78,10,'2013-01-16 03:21:12'),(78,19,'2015-07-13 03:39:47'),(79,35,'2018-12-02 23:08:45'),(80,6,'2018-06-23 06:37:38'),(80,10,'2016-03-30 19:00:43'),(80,11,'2016-06-11 14:36:51'),(81,30,'2018-08-18 15:52:13'),(82,4,'2021-01-05 14:23:39'),(82,12,'2016-06-22 07:26:16'),(83,18,'2019-12-05 00:50:35'),(84,24,'2015-06-08 20:53:56'),(86,7,'2016-12-12 08:39:19'),(86,8,'2020-11-15 22:00:38'),(87,6,'2013-06-30 21:58:54'),(87,20,'2013-03-28 21:45:15'),(89,1,'2012-04-29 12:18:11'),(90,39,'2021-03-08 17:53:44'),(91,46,'2013-01-29 03:35:48'),(92,44,'2019-09-22 09:53:47'),(93,24,'2012-07-13 02:16:32'),(94,22,'2012-07-13 03:51:02'),(96,3,'2016-07-22 20:54:51'),(96,17,'2021-02-24 01:07:33'),(96,20,'2020-02-22 17:39:07'),(97,10,'2017-05-02 10:10:46'),(98,17,'2014-06-05 09:17:30'),(99,26,'2021-01-23 11:47:28'),(100,22,'2011-06-13 11:18:36'),(100,38,'2016-03-19 12:30:44');
/*!40000 ALTER TABLE `statuses_users` ENABLE KEYS */;
UNLOCK TABLES;

--
-- Table structure for table `users`
--

DROP TABLE IF EXISTS `users`;
/*!40101 SET @saved_cs_client     = @@character_set_client */;
/*!50503 SET character_set_client = utf8mb4 */;
CREATE TABLE `users` (
  `id` int unsigned NOT NULL AUTO_INCREMENT COMMENT 'Идентификатор строки',
  `first_name` varchar(100) CHARACTER SET utf8mb4 COLLATE utf8mb4_unicode_ci NOT NULL COMMENT 'Имя пользователя',
  `last_name` varchar(100) CHARACTER SET utf8mb4 COLLATE utf8mb4_unicode_ci NOT NULL COMMENT 'Фамилия пользователя',
  `email` varchar(100) CHARACTER SET utf8mb4 COLLATE utf8mb4_unicode_ci NOT NULL COMMENT 'Почта',
  `created_at` datetime DEFAULT CURRENT_TIMESTAMP COMMENT 'Время создания строки',
  `updated_at` datetime DEFAULT CURRENT_TIMESTAMP ON UPDATE CURRENT_TIMESTAMP COMMENT 'Время обновления строки',
  PRIMARY KEY (`id`),
  UNIQUE KEY `email` (`email`),
  KEY `users_first_name_last_name_idx` (`first_name`,`last_name`)
) ENGINE=InnoDB AUTO_INCREMENT=101 DEFAULT CHARSET=utf8mb4 COLLATE=utf8mb4_unicode_ci;
/*!40101 SET character_set_client = @saved_cs_client */;

--
-- Dumping data for table `users`
--

LOCK TABLES `users` WRITE;
/*!40000 ALTER TABLE `users` DISABLE KEYS */;
INSERT INTO `users` VALUES (1,'Alyce','Hagenes','ondricka.damaris@example.net','2014-03-28 15:51:40','2019-07-27 13:23:55'),(2,'Brisa','Kuphal','akertzmann@example.net','2014-09-14 22:41:13','2015-10-16 14:11:42'),(3,'Ike','Legros','iwaelchi@example.net','2016-12-24 14:38:40','2018-09-17 14:45:12'),(4,'Cayla','Labadie','beer.donny@example.com','2018-08-25 12:14:39','2018-08-25 12:14:39'),(5,'Barry','Wintheiser','yvette96@example.org','2017-09-16 03:06:41','2017-09-16 03:06:41'),(6,'Oscar','Hills','metz.ozella@example.net','2011-12-23 09:20:10','2013-05-10 05:53:22'),(7,'Mireya','Lakin','brennon.harvey@example.net','2014-10-17 07:28:44','2014-10-17 07:28:44'),(8,'Stephanie','Zulauf','andreane85@example.com','2012-09-29 02:35:03','2018-06-16 10:05:36'),(9,'Myra','Sanford','kayden39@example.org','2017-05-23 14:36:07','2017-05-23 14:36:07'),(10,'Silas','Boyle','jerad39@example.com','2015-06-15 02:40:49','2020-04-22 03:44:19'),(11,'Margarette','Labadie','willow55@example.net','2016-08-30 21:50:45','2018-07-13 20:01:55'),(12,'Carolina','O\'Reilly','kub.lenore@example.org','2015-07-13 01:50:56','2020-01-06 05:17:39'),(13,'Heaven','Hoeger','ocollins@example.com','2019-06-15 10:44:20','2019-06-15 10:44:20'),(14,'Laney','Walter','elvis64@example.net','2016-05-09 19:35:15','2016-05-09 19:35:15'),(15,'Ena','Cole','stanley50@example.com','2015-08-12 09:16:25','2017-06-24 07:43:21'),(16,'Cora','Klocko','pietro.larkin@example.com','2013-05-12 02:15:29','2013-05-12 02:15:29'),(17,'Ezra','Hessel','ebony.hane@example.org','2012-07-02 20:01:10','2018-03-24 04:36:12'),(18,'Kenyatta','Conroy','asha.zemlak@example.com','2017-11-30 06:32:57','2017-11-30 06:32:57'),(19,'Salma','Kilback','jacobson.laurie@example.com','2014-12-11 17:04:32','2019-12-18 20:29:21'),(20,'Iva','Barrows','lauretta90@example.com','2014-07-29 11:19:38','2020-02-15 23:03:47'),(21,'Adriana','McGlynn','price.marisa@example.org','2014-03-18 23:02:54','2014-04-17 06:58:38'),(22,'Alba','Fadel','flavio82@example.org','2016-03-28 22:18:36','2017-11-02 11:56:37'),(23,'Marquis','Reichel','hilpert.abbigail@example.org','2017-04-16 07:31:30','2020-01-27 05:26:43'),(24,'Buddy','Williamson','kari.witting@example.com','2017-07-24 07:09:16','2017-07-24 07:09:16'),(25,'Nona','Mertz','renee12@example.org','2018-11-10 10:04:43','2019-10-03 09:04:48'),(26,'Mary','Jaskolski','rolfson.laurie@example.org','2020-09-13 18:31:38','2020-09-13 18:31:38'),(27,'Robert','Feeney','elijah46@example.net','2013-03-08 04:36:00','2013-03-25 18:52:53'),(28,'Norene','McKenzie','xhamill@example.org','2016-08-24 19:11:09','2017-11-04 01:06:17'),(29,'Lorna','Bernhard','maxine08@example.com','2020-10-14 10:33:37','2020-10-14 10:33:37'),(30,'Stephon','VonRueden','sigrid.ryan@example.com','2012-01-31 21:56:21','2014-04-30 09:09:11'),(31,'Jordon','Altenwerth','jlehner@example.org','2018-02-10 02:41:01','2018-02-10 02:41:01'),(32,'Arnaldo','Johnson','vmaggio@example.org','2016-01-29 23:29:48','2018-12-31 22:18:06'),(33,'Jerald','Gottlieb','nader.polly@example.com','2016-09-27 00:20:05','2016-09-27 00:20:05'),(34,'Margarette','Hermiston','sarai.walter@example.org','2017-09-06 03:19:12','2020-04-12 05:59:14'),(35,'Jasper','Berge','christy.pagac@example.org','2018-02-20 00:47:23','2020-10-06 15:52:34'),(36,'Scotty','Prohaska','rgreenholt@example.org','2012-02-10 10:47:06','2013-11-12 21:37:33'),(37,'Dannie','Metz','pdickinson@example.org','2016-02-03 04:22:38','2019-12-19 13:39:51'),(38,'Bridie','Stark','ebarton@example.com','2013-09-26 13:14:07','2019-07-22 21:44:18'),(39,'Neal','O\'Conner','bartoletti.fleta@example.org','2016-12-30 11:58:28','2016-12-30 11:58:28'),(40,'Freida','Ruecker','lamont31@example.net','2014-01-30 17:38:20','2019-04-04 17:53:29'),(41,'Maxie','Schulist','muller.eula@example.org','2013-09-23 04:37:21','2017-05-16 19:44:14'),(42,'Dorris','Skiles','powlowski.elsa@example.com','2012-12-27 05:47:28','2017-08-04 07:37:09'),(43,'Catherine','Roob','wschmitt@example.com','2017-04-19 10:34:59','2017-04-19 10:34:59'),(44,'Rhoda','Huels','golden16@example.net','2020-10-14 02:39:57','2020-10-14 02:39:57'),(45,'Myles','Schultz','moriah20@example.net','2014-08-21 02:35:26','2017-04-15 10:39:08'),(46,'Cordia','Dare','tomas06@example.com','2015-05-05 21:34:03','2015-05-05 21:34:03'),(47,'Nayeli','Price','mframi@example.com','2016-07-27 00:50:33','2016-07-27 00:50:33'),(48,'Jon','Cassin','zwolff@example.org','2017-08-31 08:32:21','2017-08-31 08:32:21'),(49,'Una','Rodriguez','smiller@example.org','2015-09-23 10:34:55','2015-09-23 10:34:55'),(50,'Frances','Luettgen','wjaskolski@example.org','2011-06-17 15:22:34','2016-04-15 01:18:57'),(51,'Dell','Collins','cartwright.marcelo@example.com','2012-03-07 16:13:04','2016-01-30 00:21:19'),(52,'Marta','Casper','saul54@example.net','2013-12-10 18:22:46','2016-03-02 13:35:24'),(53,'Berenice','Crooks','jkovacek@example.org','2017-04-17 09:20:31','2017-04-17 09:20:31'),(54,'Nathaniel','Abbott','madisen.purdy@example.org','2011-06-21 19:15:48','2015-11-05 22:55:07'),(55,'Earnestine','Breitenberg','gibson.kayla@example.org','2017-02-07 02:54:15','2018-02-25 17:25:49'),(56,'Omer','Wisoky','meggie58@example.com','2015-11-30 14:01:51','2018-12-16 15:39:57'),(57,'Mittie','Veum','rogahn.kristopher@example.com','2021-01-05 06:47:12','2021-01-05 06:47:12'),(58,'Maurice','Runolfsdottir','fahey.beaulah@example.org','2017-08-11 12:10:24','2017-08-11 12:10:24'),(59,'Josie','Cartwright','bogisich.margarette@example.org','2015-03-31 21:20:16','2015-03-31 21:20:16'),(60,'Emerson','Tillman','noble87@example.com','2015-01-31 22:10:08','2015-01-31 22:10:08'),(61,'Herminio','Abbott','klabadie@example.net','2018-10-09 21:07:24','2018-10-09 21:07:24'),(62,'Jarrod','Connelly','jared54@example.com','2012-08-25 07:15:31','2017-10-15 09:22:28'),(63,'Pauline','Yundt','althea49@example.org','2017-11-25 10:57:19','2017-11-25 10:57:19'),(64,'Corbin','Powlowski','amber05@example.org','2020-02-29 23:43:43','2020-02-29 23:43:43'),(65,'Isobel','Brakus','gsanford@example.org','2014-04-23 15:35:51','2019-07-29 19:52:47'),(66,'Eldridge','Huels','zgrimes@example.org','2011-09-23 18:12:05','2014-04-05 18:00:53'),(67,'Eve','Lubowitz','rstroman@example.net','2016-11-09 16:34:36','2017-07-01 18:42:23'),(68,'Callie','Emmerich','salvador38@example.com','2014-07-08 08:01:25','2014-07-08 08:01:25'),(69,'Jaylan','Wilkinson','macie.kerluke@example.net','2015-09-08 06:20:56','2015-09-08 06:20:56'),(70,'Hal','Rogahn','joe62@example.org','2014-01-06 20:04:16','2014-10-23 15:54:38'),(71,'Lester','Bradtke','hhuels@example.net','2017-06-09 16:09:32','2017-06-09 16:09:32'),(72,'Maegan','Lebsack','dina.kuhic@example.net','2016-06-22 00:06:29','2016-10-06 16:24:22'),(73,'Fern','Schmidt','herminio.hickle@example.net','2013-06-20 03:42:39','2013-06-20 03:42:39'),(74,'Vance','Baumbach','vicky93@example.com','2018-06-29 13:49:01','2018-06-29 13:49:01'),(75,'Ernestine','Pouros','kutch.breanna@example.com','2012-05-10 17:49:26','2013-07-22 16:19:44'),(76,'Vivian','Champlin','doris13@example.com','2018-04-30 05:07:52','2019-11-30 19:38:03'),(77,'Davonte','Stokes','brendon.von@example.org','2013-06-08 14:54:25','2013-06-08 14:54:25'),(78,'Lavon','Gislason','oritchie@example.org','2016-08-07 12:19:31','2016-08-07 12:19:31'),(79,'Bennie','Thiel','kelton.grimes@example.org','2016-11-22 06:56:34','2020-07-26 00:19:34'),(80,'Adrienne','Crist','pfeffer.carlo@example.net','2017-05-08 01:51:39','2017-06-12 20:52:52'),(81,'Braxton','Conroy','lkuphal@example.org','2019-12-07 01:36:40','2019-12-07 01:36:40'),(82,'Roscoe','Bode','ellis.kuvalis@example.org','2012-01-30 12:12:02','2017-11-06 05:21:15'),(83,'Elna','Skiles','ucrist@example.com','2020-12-16 11:22:27','2020-12-16 11:22:27'),(84,'Katarina','Wyman','karelle.kautzer@example.net','2013-03-25 21:07:11','2017-08-28 23:17:59'),(85,'Izaiah','Bechtelar','graciela.bruen@example.net','2015-12-19 06:25:32','2015-12-19 06:25:32'),(86,'Lea','Lehner','wheidenreich@example.org','2018-09-13 20:33:27','2018-09-13 20:33:27'),(87,'Emily','Conroy','stephany97@example.org','2015-04-10 13:17:49','2015-04-10 13:17:49'),(88,'Golden','McKenzie','mandy43@example.net','2012-06-09 15:28:30','2016-09-25 00:02:06'),(89,'Rose','Collins','vincenza.abernathy@example.org','2019-06-07 23:44:44','2020-06-24 18:31:49'),(90,'Berenice','Friesen','carroll.margret@example.com','2018-02-19 20:47:58','2018-02-19 20:47:58'),(91,'Kira','Smitham','west.orrin@example.com','2014-09-06 01:53:24','2016-07-20 02:33:29'),(92,'Stan','Powlowski','bode.alice@example.com','2018-06-25 19:22:58','2020-05-24 22:29:01'),(93,'Sienna','Collier','mstark@example.net','2018-08-19 12:06:07','2018-08-19 12:06:07'),(94,'Cathy','Purdy','jordan71@example.org','2020-12-08 16:41:50','2020-12-08 16:41:50'),(95,'Charlene','Pacocha','wondricka@example.com','2020-04-24 00:20:06','2020-04-24 00:20:06'),(96,'Pattie','Mills','sdoyle@example.com','2015-10-13 08:05:54','2020-06-11 04:16:30'),(97,'Bertrand','Ward','reichert.elna@example.org','2017-03-15 19:26:29','2017-03-15 19:26:29'),(98,'Kailyn','Medhurst','ikunze@example.net','2017-09-21 23:18:12','2017-09-21 23:18:12'),(99,'Filiberto','Sauer','twisozk@example.com','2019-07-21 21:42:22','2019-07-21 21:42:22'),(100,'Jerrell','Will','magdalena52@example.com','2013-12-09 04:53:23','2018-04-29 20:57:50');
/*!40000 ALTER TABLE `users` ENABLE KEYS */;
UNLOCK TABLES;

--
-- Final view structure for view `quality_of_articles`
--

/*!50001 DROP VIEW IF EXISTS `quality_of_articles`*/;
/*!50001 SET @saved_cs_client          = @@character_set_client */;
/*!50001 SET @saved_cs_results         = @@character_set_results */;
/*!50001 SET @saved_col_connection     = @@collation_connection */;
/*!50001 SET character_set_client      = utf8mb4 */;
/*!50001 SET character_set_results     = utf8mb4 */;
/*!50001 SET collation_connection      = utf8mb4_0900_ai_ci */;
/*!50001 CREATE ALGORITHM=UNDEFINED */
/*!50013 DEFINER=`root`@`localhost` SQL SECURITY DEFINER */
/*!50001 VIEW `quality_of_articles` AS select `t1`.`title` AS `title`,`t1`.`quality` AS `quality`,`t2`.`edit_num` AS `edit_num` from ((select `articles`.`id` AS `id`,`articles`.`title` AS `title`,`quality`.`name` AS `quality` from (`articles` left join `quality` on((`quality`.`article_id` = `articles`.`id`)))) `t1` left join (select `articles`.`title` AS `title`,count(`articles_corrections`.`correction_id`) AS `edit_num` from (`articles` join `articles_corrections` on((`articles_corrections`.`article_id` = `articles`.`id`))) group by `articles`.`title`) `t2` on((`t1`.`title` = `t2`.`title`))) */;
/*!50001 SET character_set_client      = @saved_cs_client */;
/*!50001 SET character_set_results     = @saved_cs_results */;
/*!50001 SET collation_connection      = @saved_col_connection */;

--
-- Final view structure for view `size_of_articles_media`
--

/*!50001 DROP VIEW IF EXISTS `size_of_articles_media`*/;
/*!50001 SET @saved_cs_client          = @@character_set_client */;
/*!50001 SET @saved_cs_results         = @@character_set_results */;
/*!50001 SET @saved_col_connection     = @@collation_connection */;
/*!50001 SET character_set_client      = utf8mb4 */;
/*!50001 SET character_set_results     = utf8mb4 */;
/*!50001 SET collation_connection      = utf8mb4_0900_ai_ci */;
/*!50001 CREATE ALGORITHM=UNDEFINED */
/*!50013 DEFINER=`root`@`localhost` SQL SECURITY DEFINER */
/*!50001 VIEW `size_of_articles_media` AS select `articles`.`title` AS `title`,sum(`media`.`size`) AS `all_media` from ((`articles` left join `articles_media` on((`articles_media`.`article_id` = `articles`.`id`))) left join `media` on((`media`.`id` = `articles_media`.`media_id`))) group by `articles`.`title` order by `all_media` desc */;
/*!50001 SET character_set_client      = @saved_cs_client */;
/*!50001 SET character_set_results     = @saved_cs_results */;
/*!50001 SET collation_connection      = @saved_col_connection */;
/*!40103 SET TIME_ZONE=@OLD_TIME_ZONE */;

/*!40101 SET SQL_MODE=@OLD_SQL_MODE */;
/*!40014 SET FOREIGN_KEY_CHECKS=@OLD_FOREIGN_KEY_CHECKS */;
/*!40014 SET UNIQUE_CHECKS=@OLD_UNIQUE_CHECKS */;
/*!40101 SET CHARACTER_SET_CLIENT=@OLD_CHARACTER_SET_CLIENT */;
/*!40101 SET CHARACTER_SET_RESULTS=@OLD_CHARACTER_SET_RESULTS */;
/*!40101 SET COLLATION_CONNECTION=@OLD_COLLATION_CONNECTION */;
/*!40111 SET SQL_NOTES=@OLD_SQL_NOTES */;

-- Dump completed on 2021-05-18 15:57:00
