-- MySQL dump 10.13  Distrib 8.0.23, for Linux (x86_64)
--
-- Host: localhost    Database: vk
-- ------------------------------------------------------
-- Server version	8.0.23-0ubuntu0.20.04.1

/*!40101 SET @OLD_CHARACTER_SET_CLIENT=@@CHARACTER_SET_CLIENT */;
/*!40101 SET @OLD_CHARACTER_SET_RESULTS=@@CHARACTER_SET_RESULTS */;
/*!40101 SET @OLD_COLLATION_CONNECTION=@@COLLATION_CONNECTION */;
/*!50503 SET NAMES utf8mb4 */;
/*!40103 SET @OLD_TIME_ZONE=@@TIME_ZONE */;
/*!40103 SET TIME_ZONE='+00:00' */;
/*!40014 SET @OLD_UNIQUE_CHECKS=@@UNIQUE_CHECKS, UNIQUE_CHECKS=0 */;
/*!40014 SET @OLD_FOREIGN_KEY_CHECKS=@@FOREIGN_KEY_CHECKS, FOREIGN_KEY_CHECKS=0 */;
/*!40101 SET @OLD_SQL_MODE=@@SQL_MODE, SQL_MODE='NO_AUTO_VALUE_ON_ZERO' */;
/*!40111 SET @OLD_SQL_NOTES=@@SQL_NOTES, SQL_NOTES=0 */;

--
-- Table structure for table `communities`
--

DROP TABLE IF EXISTS `communities`;
/*!40101 SET @saved_cs_client     = @@character_set_client */;
/*!50503 SET character_set_client = utf8mb4 */;
CREATE TABLE `communities` (
  `id` int unsigned NOT NULL AUTO_INCREMENT COMMENT 'Идентификатор сроки',
  `name` varchar(150) CHARACTER SET utf8mb4 COLLATE utf8mb4_unicode_ci NOT NULL COMMENT 'Название группы',
  `created_at` datetime DEFAULT CURRENT_TIMESTAMP COMMENT 'Время создания строки',
  `updated_at` datetime DEFAULT CURRENT_TIMESTAMP ON UPDATE CURRENT_TIMESTAMP COMMENT 'Время обновления строки',
  PRIMARY KEY (`id`),
  UNIQUE KEY `name` (`name`)
) ENGINE=InnoDB AUTO_INCREMENT=151 DEFAULT CHARSET=utf8mb4 COLLATE=utf8mb4_unicode_ci COMMENT='Группы';
/*!40101 SET character_set_client = @saved_cs_client */;

--
-- Dumping data for table `communities`
--

LOCK TABLES `communities` WRITE;
/*!40000 ALTER TABLE `communities` DISABLE KEYS */;
INSERT INTO `communities` VALUES (1,'illum','2015-05-12 05:16:32','2014-01-09 20:19:12'),(2,'dolores','2013-09-03 12:43:39','2014-04-30 16:23:38'),(3,'voluptas','2017-02-18 23:22:09','2011-09-18 06:06:42'),(4,'ad','2017-07-28 21:59:41','2016-04-08 11:51:11'),(5,'commodi','2015-10-27 09:34:24','2015-12-05 08:26:15'),(6,'animi','2018-06-24 09:11:55','2019-01-14 06:44:37'),(7,'enim','2015-02-23 17:02:44','2019-12-01 15:11:24'),(8,'quam','2017-02-22 15:05:09','2020-10-02 11:58:15'),(9,'quia','2014-11-27 11:21:43','2012-04-05 21:14:54'),(10,'fugit','2013-04-25 17:51:15','2018-11-03 20:16:43'),(11,'voluptatibus','2011-12-11 08:19:19','2016-06-09 18:04:29'),(12,'ab','2013-12-31 12:28:37','2015-11-09 18:51:43'),(13,'omnis','2013-09-18 13:47:20','2020-07-14 18:11:38'),(14,'et','2013-12-16 17:42:56','2012-09-14 11:34:19'),(15,'atque','2017-03-22 09:25:34','2017-02-19 02:58:01'),(16,'nulla','2016-08-13 23:54:20','2018-09-09 18:24:01'),(17,'eum','2013-09-20 05:23:33','2018-02-10 00:20:39'),(18,'sit','2017-10-15 21:22:00','2012-03-12 21:17:32'),(19,'asperiores','2014-10-16 02:17:03','2013-06-23 12:17:42'),(20,'voluptatum','2016-12-16 08:43:13','2017-01-09 14:25:27'),(21,'nobis','2019-03-31 07:52:28','2013-04-07 22:17:43'),(22,'rerum','2018-05-20 05:10:25','2012-07-23 12:05:18'),(23,'voluptate','2020-12-25 23:13:44','2013-12-04 07:39:15'),(24,'magni','2019-11-19 18:05:14','2018-03-29 02:28:14'),(25,'sint','2014-12-13 11:38:32','2020-11-12 02:20:41'),(26,'aperiam','2014-09-22 19:06:53','2017-06-02 15:36:17'),(27,'at','2014-06-01 10:06:32','2020-01-13 07:31:33'),(28,'fuga','2016-04-16 03:37:04','2013-07-27 05:47:06'),(29,'sequi','2018-01-03 08:53:48','2020-09-24 21:54:16'),(30,'rem','2019-10-01 06:52:41','2020-01-29 23:59:08'),(31,'quod','2015-09-04 08:50:02','2016-04-02 13:19:09'),(32,'sunt','2017-01-03 00:46:06','2013-03-27 18:07:03'),(33,'molestias','2020-09-15 04:00:42','2017-08-22 05:30:45'),(34,'dolore','2014-07-13 16:36:37','2012-04-03 12:39:54'),(35,'error','2012-08-30 08:53:05','2014-08-11 16:48:00'),(36,'quaerat','2017-01-01 08:53:37','2011-11-29 02:53:50'),(37,'aut','2012-02-24 10:31:53','2015-05-24 00:46:15'),(38,'ea','2018-10-11 17:21:37','2020-07-20 07:48:34'),(39,'veritatis','2019-11-05 01:11:23','2016-09-03 21:20:34'),(40,'modi','2016-11-23 22:19:10','2015-05-18 15:01:51'),(41,'dolorem','2013-03-15 08:31:26','2014-02-25 10:35:45'),(42,'doloremque','2016-11-24 02:41:07','2015-10-03 05:54:12'),(43,'non','2019-11-14 00:19:50','2018-07-11 12:31:03'),(44,'eligendi','2013-12-14 04:34:12','2021-03-31 04:21:22'),(45,'fugiat','2015-11-04 08:16:15','2013-08-21 06:11:07'),(46,'voluptatem','2018-12-05 22:09:43','2012-02-11 12:58:53'),(47,'autem','2017-05-27 16:54:57','2013-03-13 02:19:33'),(48,'vitae','2015-05-27 08:20:25','2011-06-23 10:53:44'),(49,'est','2017-04-24 13:12:17','2019-07-23 18:05:27'),(50,'saepe','2019-03-25 07:05:51','2019-08-12 21:13:24'),(51,'labore','2013-03-14 03:18:11','2021-01-17 18:11:12'),(52,'qui','2018-06-06 00:28:03','2017-06-26 22:23:00'),(53,'debitis','2018-03-14 05:57:38','2016-03-15 22:50:28'),(54,'eveniet','2012-10-11 20:48:52','2018-12-07 23:30:38'),(55,'culpa','2018-01-30 06:12:22','2018-05-22 19:30:26'),(56,'delectus','2016-03-01 17:32:38','2021-01-03 20:57:22'),(57,'ipsum','2015-04-23 02:52:18','2011-08-06 01:06:07'),(58,'ipsam','2018-05-01 20:52:30','2019-06-24 22:41:58'),(59,'velit','2012-08-22 13:19:54','2015-08-21 10:32:25'),(60,'amet','2017-07-04 05:43:13','2020-12-31 12:09:18'),(61,'corporis','2011-11-01 09:39:03','2013-02-05 02:41:31'),(62,'similique','2019-11-07 12:54:17','2013-08-24 00:28:40'),(63,'soluta','2020-01-31 15:46:45','2020-09-10 03:51:33'),(64,'molestiae','2011-07-15 06:05:25','2020-12-16 10:49:21'),(65,'reiciendis','2013-05-14 03:18:35','2014-02-11 02:42:48'),(66,'hic','2014-11-02 06:44:12','2020-03-07 22:01:40'),(67,'suscipit','2015-03-15 10:44:17','2014-01-30 17:18:09'),(68,'vero','2013-12-10 20:54:17','2018-07-13 21:47:27'),(69,'assumenda','2020-12-08 18:01:46','2011-10-04 07:54:34'),(70,'cumque','2019-08-09 17:16:29','2019-09-14 01:47:09'),(71,'facere','2013-04-18 03:15:58','2020-10-26 16:12:28'),(72,'cupiditate','2011-09-26 14:01:14','2013-08-02 12:43:08'),(73,'ratione','2013-12-01 17:35:09','2017-07-02 21:36:50'),(74,'accusamus','2013-08-14 14:01:48','2012-12-08 17:09:52'),(75,'ullam','2012-04-08 10:14:11','2019-09-19 04:37:43'),(76,'nisi','2011-11-08 09:17:04','2018-07-25 08:06:42'),(77,'adipisci','2013-02-11 01:08:09','2015-04-01 16:33:15'),(78,'nihil','2020-05-25 10:57:57','2017-06-25 13:09:59'),(79,'iste','2011-12-18 18:50:43','2012-07-20 15:49:01'),(80,'mollitia','2019-05-09 11:46:39','2011-11-13 22:30:37'),(81,'nemo','2014-10-30 08:47:50','2013-04-28 05:49:25'),(82,'eos','2017-07-15 09:02:28','2012-07-16 01:10:57'),(83,'deserunt','2018-08-25 07:19:38','2018-07-20 23:54:53'),(84,'ipsa','2015-12-30 05:45:37','2019-03-15 01:39:10'),(85,'sed','2020-06-24 01:30:24','2017-06-11 14:57:34'),(86,'aspernatur','2019-05-30 18:10:21','2014-09-26 01:19:32'),(87,'aliquid','2016-09-05 18:54:17','2012-11-24 10:10:29'),(88,'voluptates','2014-10-22 01:08:26','2017-11-28 22:20:16'),(89,'distinctio','2018-01-26 17:03:57','2019-10-13 02:50:46'),(90,'porro','2015-01-08 22:30:34','2019-10-17 09:49:45'),(91,'possimus','2018-07-14 22:43:50','2016-11-16 17:39:20'),(92,'exercitationem','2012-07-01 19:45:55','2011-07-25 01:19:12'),(93,'temporibus','2014-09-06 07:06:54','2013-07-22 02:58:00'),(94,'quis','2020-03-24 20:39:34','2012-12-24 17:20:33'),(95,'ut','2013-10-27 17:18:12','2011-05-16 16:04:31'),(96,'quas','2020-10-20 03:10:48','2014-04-06 13:42:54'),(97,'totam','2012-06-22 15:19:04','2015-04-07 09:59:59'),(98,'consequatur','2014-09-02 16:19:49','2017-10-30 16:52:20'),(99,'praesentium','2020-02-20 17:22:21','2016-05-07 03:46:52'),(100,'maxime','2011-08-29 23:16:18','2017-02-13 10:39:24'),(101,'quo','2013-01-28 20:17:45','2020-11-20 12:07:57'),(102,'eius','2020-02-17 05:41:57','2013-07-31 20:55:47'),(103,'libero','2012-04-04 10:58:25','2017-03-10 21:44:35'),(104,'quasi','2018-08-07 20:54:08','2020-12-04 09:10:33'),(105,'ex','2016-05-27 07:29:41','2017-03-24 08:05:40'),(106,'laboriosam','2018-08-25 04:45:04','2015-10-28 01:44:45'),(107,'earum','2018-09-22 14:39:47','2013-05-24 23:12:35'),(108,'explicabo','2015-09-06 00:04:32','2019-10-02 04:36:42'),(109,'dolor','2015-03-06 08:26:08','2021-01-19 04:12:05'),(110,'aliquam','2012-12-11 19:59:35','2017-01-04 05:25:37'),(111,'natus','2014-04-13 13:47:24','2020-08-11 12:52:48'),(112,'tempore','2014-01-16 04:28:34','2011-12-18 11:51:09'),(113,'harum','2018-11-24 08:46:48','2013-09-16 18:47:03'),(114,'inventore','2018-02-22 09:20:37','2015-10-27 05:34:11'),(115,'necessitatibus','2011-12-04 07:54:52','2019-03-12 12:29:27'),(116,'repellendus','2016-03-02 16:56:17','2014-10-02 20:08:41'),(117,'iure','2019-06-03 16:04:23','2017-05-10 00:22:13'),(118,'dignissimos','2013-12-19 00:54:23','2014-09-04 01:00:44'),(119,'expedita','2017-08-08 11:51:42','2017-03-07 06:18:13'),(120,'deleniti','2019-06-19 14:58:34','2021-02-12 18:11:33'),(121,'quibusdam','2018-09-20 18:29:21','2019-12-23 16:02:39'),(122,'architecto','2021-01-11 04:49:06','2019-07-13 07:01:16'),(123,'alias','2018-12-05 23:12:43','2020-04-19 23:22:10'),(124,'esse','2017-01-10 19:25:01','2016-07-17 10:45:57'),(125,'nostrum','2015-03-16 19:14:15','2016-12-06 21:42:52'),(126,'blanditiis','2011-12-07 16:16:54','2021-03-27 17:07:18'),(127,'laudantium','2018-09-05 18:41:25','2018-01-20 22:45:35'),(128,'vel','2015-04-24 20:17:10','2013-02-15 01:02:54'),(129,'unde','2016-02-28 23:19:40','2015-03-04 19:20:47'),(130,'maiores','2019-08-05 09:53:57','2013-10-20 08:02:54'),(131,'veniam','2019-10-29 02:07:05','2014-02-21 05:44:12'),(132,'incidunt','2019-11-11 11:40:08','2015-01-19 15:45:08'),(133,'pariatur','2016-02-13 04:35:51','2018-03-02 20:37:26'),(134,'dicta','2019-08-28 12:31:44','2019-12-26 18:40:39'),(135,'nam','2012-09-22 10:11:41','2018-07-14 18:51:12'),(136,'occaecati','2020-06-05 03:50:10','2018-08-26 14:20:14'),(137,'officia','2019-07-08 07:58:47','2012-12-14 12:22:53'),(138,'laborum','2020-06-02 07:34:27','2017-12-19 16:39:31'),(139,'minus','2013-10-18 14:43:22','2011-10-28 13:13:23'),(140,'minima','2018-11-12 13:00:25','2016-07-08 22:19:48'),(141,'in','2016-10-24 10:15:48','2017-03-16 03:42:00'),(142,'tempora','2013-02-11 13:37:39','2015-05-02 05:58:14'),(143,'id','2011-06-13 12:14:23','2018-02-09 22:54:34'),(144,'a','2014-08-08 10:14:31','2017-12-12 01:06:14'),(145,'nesciunt','2018-03-31 20:02:04','2014-01-31 19:44:46'),(146,'excepturi','2011-05-01 05:01:42','2019-04-07 00:52:48'),(147,'repudiandae','2013-10-01 17:24:01','2019-07-02 16:47:31'),(148,'quisquam','2020-12-26 22:01:29','2020-12-10 15:39:25'),(149,'consectetur','2018-01-09 08:25:42','2019-04-10 05:50:39'),(150,'recusandae','2016-02-07 19:48:22','2012-10-16 04:52:52');
/*!40000 ALTER TABLE `communities` ENABLE KEYS */;
UNLOCK TABLES;

--
-- Table structure for table `communities_users`
--

DROP TABLE IF EXISTS `communities_users`;
/*!40101 SET @saved_cs_client     = @@character_set_client */;
/*!50503 SET character_set_client = utf8mb4 */;
CREATE TABLE `communities_users` (
  `community_id` int unsigned NOT NULL COMMENT 'Ссылка на группу',
  `user_id` int unsigned NOT NULL COMMENT 'Ссылка на пользователя',
  `created_at` datetime DEFAULT CURRENT_TIMESTAMP COMMENT 'Время создания строки',
  PRIMARY KEY (`community_id`,`user_id`) COMMENT 'Составной первичный ключ'
) ENGINE=InnoDB DEFAULT CHARSET=utf8mb4 COLLATE=utf8mb4_unicode_ci COMMENT='Участники групп, связь между пользователями и группами';
/*!40101 SET character_set_client = @saved_cs_client */;

--
-- Dumping data for table `communities_users`
--

LOCK TABLES `communities_users` WRITE;
/*!40000 ALTER TABLE `communities_users` DISABLE KEYS */;
INSERT INTO `communities_users` VALUES (1,1,'1993-10-17 17:06:41'),(1,51,'2018-07-08 02:18:04'),(2,2,'1971-09-25 10:54:50'),(2,52,'2020-05-01 00:37:43'),(3,3,'1991-01-16 01:01:13'),(3,53,'2018-11-14 12:54:42'),(4,4,'2009-03-07 11:34:06'),(4,54,'1987-03-08 01:22:35'),(5,5,'1994-06-04 23:30:25'),(5,55,'2013-12-26 03:56:41'),(6,6,'2007-08-31 06:25:06'),(6,56,'1974-08-30 00:55:29'),(7,7,'1986-12-23 10:55:21'),(7,57,'2010-03-03 20:25:42'),(8,8,'1971-12-16 08:08:37'),(8,58,'2017-07-26 13:55:59'),(9,9,'1993-06-29 05:55:40'),(9,59,'1976-09-22 22:09:15'),(10,10,'1986-04-02 21:31:35'),(10,60,'2003-04-17 20:31:08'),(11,11,'1972-04-18 23:46:42'),(11,61,'1994-06-19 22:55:04'),(12,12,'2007-07-25 06:51:06'),(12,62,'1982-07-17 03:42:24'),(13,13,'1998-12-12 16:14:44'),(13,63,'2015-02-03 03:52:31'),(14,14,'1990-02-12 10:47:40'),(14,64,'2002-12-02 23:10:57'),(15,15,'2017-08-20 15:52:31'),(15,65,'1977-01-15 06:54:58'),(16,16,'2008-03-17 02:23:40'),(16,66,'2001-03-20 18:18:39'),(17,17,'2001-05-01 00:28:07'),(17,67,'1978-11-18 21:27:53'),(18,18,'1982-02-24 00:28:54'),(18,68,'1982-05-27 02:30:00'),(19,19,'1973-08-24 07:35:30'),(19,69,'1974-02-21 19:21:10'),(20,20,'1999-07-16 13:41:43'),(20,70,'2007-10-30 15:54:55'),(21,21,'1972-05-02 19:10:28'),(21,71,'1990-02-10 22:03:48'),(22,22,'1975-07-31 03:48:09'),(22,72,'1979-05-04 10:25:30'),(23,23,'1988-06-04 06:13:49'),(23,73,'1981-08-19 02:04:05'),(24,24,'2005-10-25 06:40:22'),(24,74,'1978-10-25 07:20:38'),(25,25,'2007-03-08 15:12:19'),(25,75,'2020-05-28 02:54:42'),(26,26,'1987-09-06 17:31:00'),(26,76,'1992-07-27 17:11:41'),(27,27,'1971-02-13 14:15:45'),(27,77,'1996-12-02 00:24:37'),(28,28,'1991-07-23 04:38:56'),(28,78,'1974-07-02 21:43:49'),(29,29,'2005-01-11 22:29:14'),(29,79,'2006-12-19 09:26:42'),(30,30,'1985-05-07 12:40:09'),(30,80,'2010-04-13 09:10:42'),(31,31,'2012-04-10 20:27:42'),(31,81,'1983-01-04 17:11:27'),(32,32,'2011-03-31 23:08:13'),(32,82,'1996-09-10 22:17:46'),(33,33,'2008-01-04 03:01:29'),(33,83,'1982-05-20 01:03:53'),(34,34,'1994-11-15 22:45:53'),(34,84,'1990-09-24 19:43:46'),(35,35,'1996-08-22 18:36:01'),(35,85,'1976-12-12 01:08:38'),(36,36,'1982-02-13 10:47:17'),(36,86,'1973-08-11 20:54:41'),(37,37,'2006-09-21 02:10:27'),(37,87,'1972-08-15 12:36:12'),(38,38,'2002-11-15 18:25:19'),(38,88,'1980-04-02 08:50:44'),(39,39,'1998-03-20 07:26:47'),(39,89,'1970-06-11 19:50:54'),(40,40,'2017-03-25 09:01:02'),(40,90,'2007-02-10 00:58:43'),(41,41,'1986-10-29 17:19:02'),(41,91,'1985-11-10 12:51:50'),(42,42,'2012-04-14 08:21:01'),(42,92,'2020-01-28 10:09:08'),(43,43,'2020-07-08 19:35:39'),(43,93,'1999-01-14 15:34:10'),(44,44,'1974-01-03 04:44:51'),(44,94,'1988-07-30 23:26:59'),(45,45,'1978-07-31 09:17:53'),(45,95,'1977-02-02 00:15:56'),(46,46,'2004-01-14 07:03:33'),(46,96,'2005-11-04 01:51:51'),(47,47,'1987-11-06 00:48:34'),(47,97,'2011-10-14 04:35:22'),(48,48,'1985-08-22 08:52:55'),(48,98,'1984-12-23 14:19:15'),(49,49,'1981-04-08 18:32:48'),(49,99,'1981-05-07 11:43:34'),(50,50,'1970-01-05 03:27:56'),(50,100,'1983-07-19 13:41:42'),(51,1,'2003-12-27 21:03:57'),(51,51,'1995-05-02 14:26:46'),(52,2,'1977-07-03 07:05:02'),(52,52,'2002-04-30 00:17:08'),(53,3,'2016-02-15 07:00:19'),(53,53,'2014-03-20 01:08:21'),(54,4,'2016-09-13 08:05:03'),(54,54,'1977-09-13 19:55:33'),(55,5,'2019-11-01 14:56:15'),(55,55,'1978-08-14 10:44:19'),(56,6,'2020-05-20 09:32:42'),(56,56,'2000-02-20 04:59:51'),(57,7,'1994-11-03 10:59:28'),(57,57,'2018-08-17 16:48:11'),(58,8,'1999-12-18 05:22:16'),(58,58,'1978-03-10 05:36:27'),(59,9,'2004-02-16 07:37:44'),(59,59,'2004-03-16 17:10:25'),(60,10,'2008-03-04 01:33:40'),(60,60,'1973-12-14 16:41:29'),(61,11,'1981-02-05 11:54:52'),(61,61,'1976-01-06 04:18:55'),(62,12,'1987-12-19 18:05:19'),(62,62,'2004-04-24 16:20:59'),(63,13,'2000-09-29 10:05:03'),(63,63,'2007-04-08 04:53:58'),(64,14,'2002-06-03 14:10:05'),(64,64,'1977-08-18 11:47:02'),(65,15,'2011-01-02 15:08:12'),(65,65,'1986-04-13 14:40:47'),(66,16,'2005-09-16 06:19:54'),(66,66,'1982-08-25 09:22:55'),(67,17,'2001-11-23 05:17:19'),(67,67,'1981-11-10 11:19:21'),(68,18,'1977-08-04 10:12:12'),(68,68,'1989-05-26 07:48:49'),(69,19,'1977-04-19 03:06:22'),(69,69,'2000-11-13 02:19:51'),(70,20,'2005-12-06 01:38:49'),(70,70,'1973-10-14 04:02:26'),(71,21,'1988-08-23 10:41:02'),(71,71,'2008-04-14 21:04:35'),(72,22,'1993-02-21 12:42:33'),(72,72,'1993-09-09 03:06:24'),(73,23,'2010-11-19 20:08:09'),(73,73,'2008-03-15 21:42:25'),(74,24,'2016-12-08 09:07:11'),(74,74,'2010-07-18 11:07:53'),(75,25,'2016-03-14 10:10:45'),(75,75,'2002-06-23 17:02:16'),(76,26,'2000-06-30 19:59:06'),(76,76,'2006-10-02 07:25:56'),(77,27,'1995-12-28 10:42:02'),(77,77,'2006-12-18 08:57:22'),(78,28,'1979-03-15 00:55:42'),(78,78,'1978-04-29 06:59:39'),(79,29,'2015-10-15 10:23:43'),(79,79,'1987-02-03 08:08:01'),(80,30,'1975-11-02 20:00:38'),(80,80,'1977-04-17 04:50:36'),(81,31,'1982-12-22 22:17:17'),(81,81,'1976-09-27 09:50:03'),(82,32,'2010-10-02 18:44:47'),(82,82,'1983-01-01 10:35:49'),(83,33,'2011-06-02 22:55:12'),(83,83,'1988-12-04 23:51:45'),(84,34,'1977-11-22 02:14:48'),(84,84,'1998-08-31 08:29:07'),(85,35,'1992-07-15 01:39:34'),(85,85,'2016-07-11 05:20:44'),(86,36,'1991-12-14 22:42:12'),(86,86,'1974-12-01 22:14:27'),(87,37,'1981-11-30 03:49:07'),(87,87,'2017-02-21 18:57:57'),(88,38,'1991-03-04 02:48:54'),(88,88,'1981-07-20 11:05:45'),(89,39,'2009-09-25 13:51:18'),(89,89,'2013-12-01 07:05:22'),(90,40,'2000-06-17 13:45:39'),(90,90,'2019-05-17 23:30:18'),(91,41,'1970-04-23 04:23:10'),(91,91,'1994-03-06 16:57:49'),(92,42,'1974-10-28 00:26:23'),(92,92,'1981-10-08 12:04:00'),(93,43,'2002-12-11 16:33:29'),(93,93,'1982-11-18 18:31:20'),(94,44,'1977-06-26 14:35:17'),(94,94,'2015-01-25 19:11:11'),(95,45,'1993-10-08 03:07:32'),(95,95,'1973-05-07 20:39:54'),(96,46,'1980-01-05 01:09:57'),(96,96,'2016-02-14 22:50:56'),(97,47,'2016-01-24 02:54:32'),(97,97,'1982-09-19 11:46:37'),(98,48,'2000-09-25 12:06:29'),(98,98,'1999-03-15 06:51:53'),(99,49,'2003-05-17 16:45:46'),(99,99,'1996-01-03 13:18:01'),(100,50,'2020-01-16 10:59:31'),(100,100,'1988-10-13 12:02:36'),(101,1,'2010-07-17 18:00:19'),(101,51,'1996-03-16 01:44:26'),(102,2,'2013-11-25 07:16:47'),(102,52,'1974-08-09 04:27:45'),(103,3,'2020-09-18 19:41:04'),(103,53,'2015-06-05 03:55:53'),(104,4,'2011-07-25 00:33:57'),(104,54,'2008-10-09 18:18:56'),(105,5,'2002-02-07 13:00:33'),(105,55,'1995-10-03 23:39:58'),(106,6,'2004-07-30 20:05:31'),(106,56,'2010-11-13 00:01:03'),(107,7,'1983-05-25 09:39:42'),(107,57,'2001-10-27 14:22:53'),(108,8,'1998-11-06 09:17:36'),(108,58,'1990-08-31 04:30:00'),(109,9,'1972-05-09 11:59:30'),(109,59,'1980-07-26 15:36:09'),(110,10,'1989-12-31 04:42:24'),(110,60,'2008-08-06 18:49:45'),(111,11,'1979-11-09 04:13:07'),(111,61,'1981-04-25 18:55:25'),(112,12,'2009-09-22 14:48:18'),(112,62,'2008-02-13 21:47:17'),(113,13,'1992-06-15 21:48:03'),(113,63,'1987-04-30 02:17:04'),(114,14,'1993-09-14 12:01:32'),(114,64,'2020-10-31 21:21:03'),(115,15,'1995-03-07 13:58:50'),(115,65,'2021-02-22 21:44:46'),(116,16,'1999-08-17 20:33:34'),(116,66,'1992-08-09 12:37:12'),(117,17,'2013-07-19 05:07:40'),(117,67,'1995-07-11 05:35:56'),(118,18,'1981-07-21 05:22:04'),(118,68,'1976-01-20 15:15:26'),(119,19,'1971-01-06 02:39:46'),(119,69,'2005-09-11 16:32:58'),(120,20,'2002-12-08 18:40:39'),(120,70,'1987-08-14 22:08:26'),(121,21,'1998-04-20 21:06:11'),(121,71,'1981-07-05 02:18:04'),(122,22,'1991-02-04 23:45:34'),(122,72,'1970-03-28 08:40:29'),(123,23,'2006-01-07 01:50:23'),(123,73,'2016-04-06 05:51:09'),(124,24,'2016-11-29 08:35:50'),(124,74,'2006-09-22 08:50:06'),(125,25,'1977-05-25 10:59:13'),(125,75,'1970-05-01 02:51:48'),(126,26,'1992-03-03 15:37:41'),(126,76,'2009-12-08 13:37:52'),(127,27,'2003-02-25 14:26:47'),(127,77,'2002-01-15 21:10:31'),(128,28,'1992-09-12 08:53:22'),(128,78,'1985-01-16 07:54:12'),(129,29,'1981-07-19 22:55:17'),(129,79,'2013-10-06 01:33:58'),(130,30,'1990-10-08 01:07:39'),(130,80,'2001-09-19 01:21:31'),(131,31,'2015-12-02 16:01:15'),(131,81,'2012-11-28 23:44:31'),(132,32,'1987-03-17 14:41:45'),(132,82,'2005-08-27 04:30:54'),(133,33,'1970-12-09 17:14:04'),(133,83,'2012-07-26 20:15:04'),(134,34,'1978-02-17 08:40:48'),(134,84,'1981-06-08 15:54:51'),(135,35,'1971-06-09 02:19:55'),(135,85,'1971-05-03 07:19:59'),(136,36,'1987-04-12 16:49:22'),(136,86,'2000-02-14 07:30:34'),(137,37,'2012-04-08 16:16:40'),(137,87,'1988-08-14 03:56:47'),(138,38,'2009-09-25 10:38:44'),(138,88,'1973-03-13 13:18:13'),(139,39,'1975-06-25 20:29:52'),(139,89,'2003-07-25 19:19:01'),(140,40,'1987-11-14 21:08:29'),(140,90,'1982-10-22 01:16:32'),(141,41,'2005-01-22 10:55:04'),(141,91,'1973-07-05 07:23:32'),(142,42,'2001-09-05 14:55:26'),(142,92,'2014-09-02 00:30:54'),(143,43,'1977-10-07 06:58:17'),(143,93,'2005-05-14 17:16:55'),(144,44,'1971-11-24 06:20:59'),(144,94,'1973-06-10 18:46:31'),(145,45,'2008-12-25 20:20:16'),(145,95,'1992-08-24 11:35:33'),(146,46,'1986-10-15 07:46:33'),(146,96,'1998-07-18 10:44:57'),(147,47,'1983-12-18 15:20:41'),(147,97,'1992-01-24 17:20:01'),(148,48,'1990-03-07 05:07:39'),(148,98,'2001-12-27 13:29:15'),(149,49,'1987-12-04 05:22:48'),(149,99,'2000-07-30 12:35:56'),(150,50,'1985-02-05 16:34:59'),(150,100,'1974-02-02 13:39:26');
/*!40000 ALTER TABLE `communities_users` ENABLE KEYS */;
UNLOCK TABLES;

--
-- Table structure for table `friendship`
--

DROP TABLE IF EXISTS `friendship`;
/*!40101 SET @saved_cs_client     = @@character_set_client */;
/*!50503 SET character_set_client = utf8mb4 */;
CREATE TABLE `friendship` (
  `user_id` int unsigned NOT NULL COMMENT 'Ссылка на инициатора дружеских отношений',
  `friend_id` int unsigned NOT NULL COMMENT 'Ссылка на получателя приглашения дружить',
  `friendship_status_id` int unsigned NOT NULL COMMENT 'Ссылка на статус (текущее состояние) отношений',
  `confirmed_at` datetime DEFAULT NULL COMMENT 'Время подтверждения приглашения',
  `created_at` datetime DEFAULT CURRENT_TIMESTAMP COMMENT 'Время создания строки',
  `updated_at` datetime DEFAULT CURRENT_TIMESTAMP ON UPDATE CURRENT_TIMESTAMP COMMENT 'Время обновления строки',
  PRIMARY KEY (`user_id`,`friend_id`) COMMENT 'Составной первичный ключ'
) ENGINE=InnoDB DEFAULT CHARSET=utf8mb4 COLLATE=utf8mb4_unicode_ci COMMENT='Таблица дружбы';
/*!40101 SET character_set_client = @saved_cs_client */;

--
-- Dumping data for table `friendship`
--

LOCK TABLES `friendship` WRITE;
/*!40000 ALTER TABLE `friendship` DISABLE KEYS */;
INSERT INTO `friendship` VALUES (1,1,1,'1971-09-05 18:59:58','1979-05-10 08:32:38','2019-03-07 18:58:33'),(2,2,2,'1977-11-26 11:05:48','2015-06-02 00:18:39','2007-11-21 01:20:40'),(3,3,3,'1971-10-16 15:41:18','1977-07-05 05:56:20','1982-01-17 05:50:25'),(4,4,1,'1975-12-20 12:22:17','2018-10-24 05:18:51','1980-01-11 15:05:26'),(5,5,2,'1999-01-17 01:41:40','2006-12-21 06:24:14','2021-03-15 15:25:30'),(6,6,3,'2019-10-10 20:40:44','2008-08-23 05:42:38','1984-01-16 23:52:13'),(7,7,1,'2004-09-30 23:32:45','1970-10-19 03:05:20','2020-12-04 10:27:35'),(8,8,2,'2008-02-08 03:03:10','1975-12-23 19:01:05','1975-11-21 20:53:23'),(9,9,3,'1988-05-27 22:46:31','1998-08-21 19:41:07','1981-04-24 16:23:00'),(10,10,1,'1984-11-15 22:12:50','2015-05-11 23:13:18','1994-04-14 03:46:18'),(11,11,2,'1971-10-08 02:35:26','1998-10-20 10:06:31','1975-08-23 18:56:55'),(12,12,3,'2011-10-02 10:04:36','2018-02-10 00:12:12','2018-05-07 20:10:51'),(13,13,1,'1970-02-17 10:18:25','1994-03-29 23:04:21','1985-08-29 18:22:55'),(14,14,2,'1983-10-21 22:45:52','1976-06-05 16:43:58','1992-04-02 04:20:01'),(15,15,3,'2002-09-29 15:10:45','1988-10-31 00:49:29','2015-10-06 11:47:37'),(16,16,1,'2001-12-02 12:26:10','2006-12-03 19:08:22','1993-03-14 03:52:21'),(17,17,2,'1993-10-13 12:06:58','1980-04-17 08:53:48','2001-01-23 08:38:56'),(18,18,3,'2012-11-19 17:55:41','1989-04-27 08:51:29','1975-07-14 14:35:11'),(19,19,1,'1975-01-14 03:58:43','1997-12-01 09:51:02','2001-10-16 12:47:52'),(20,20,2,'1997-06-16 06:01:38','2018-02-13 09:50:51','2019-10-20 23:54:05'),(21,21,3,'1976-12-14 19:31:02','2019-09-16 16:52:57','2005-11-11 00:36:43'),(22,22,1,'1970-09-12 20:35:16','1993-05-26 13:57:15','2018-10-01 11:25:57'),(23,23,2,'1976-10-25 09:07:53','1971-01-15 10:35:26','1988-11-27 22:07:01'),(24,24,3,'1972-02-23 01:09:48','1972-08-30 12:22:19','2007-09-02 14:18:26'),(25,25,1,'2014-05-15 02:22:31','2007-01-30 15:13:34','2017-12-03 01:58:03'),(26,26,2,'1983-07-26 03:29:27','2009-07-17 16:11:21','1981-08-26 07:39:28'),(27,27,3,'2009-05-24 09:31:16','2014-11-17 10:06:53','1974-03-28 12:33:40'),(28,28,1,'2020-06-26 14:39:52','2004-04-22 12:29:47','2010-07-05 09:50:46'),(29,29,2,'1991-07-14 18:58:11','2005-09-12 18:39:52','1978-05-02 06:25:36'),(30,30,3,'1993-01-23 09:11:19','1992-04-18 23:01:37','2016-04-04 22:34:52'),(31,31,1,'1994-12-01 00:24:46','1984-02-04 11:39:31','1993-08-06 07:01:27'),(32,32,2,'2011-12-14 21:52:24','1988-12-10 11:37:05','1995-04-14 05:15:04'),(33,33,3,'1989-02-17 18:15:56','1990-09-03 04:22:33','1999-09-15 23:19:32'),(34,34,1,'2017-03-29 21:33:18','2020-09-14 21:54:42','1975-03-02 11:00:27'),(35,35,2,'1975-11-06 02:01:55','1996-07-12 22:31:34','1989-03-11 20:29:08'),(36,36,3,'1988-04-03 10:08:13','1975-09-15 00:00:05','1974-04-11 01:44:01'),(37,37,1,'1984-10-24 10:22:48','1988-03-30 09:19:19','2014-04-27 22:57:30'),(38,38,2,'1987-01-25 22:51:36','1987-12-13 16:07:10','1978-06-10 19:39:15'),(39,39,3,'1988-12-21 07:43:57','2001-09-18 12:04:47','1972-12-06 07:51:16'),(40,40,1,'1982-09-23 13:01:22','2020-03-27 03:00:29','2017-04-08 09:41:49'),(41,41,2,'1987-02-11 14:05:53','2007-01-07 22:56:35','1998-07-03 09:49:26'),(42,42,3,'2014-12-20 14:04:03','2005-03-07 10:34:45','1997-03-20 02:41:57'),(43,43,1,'1974-06-25 20:45:11','1990-04-26 11:51:16','1975-04-29 17:34:20'),(44,44,2,'2008-10-26 12:48:08','1978-08-13 19:20:13','1993-03-12 19:46:37'),(45,45,3,'2011-05-03 10:38:11','1973-05-04 08:49:19','2006-10-24 19:51:23'),(46,46,1,'1982-11-09 01:56:32','2010-05-29 11:52:41','2005-11-28 06:48:22'),(47,47,2,'2014-03-30 01:21:02','1989-09-29 19:03:19','1988-03-26 08:44:01'),(48,48,3,'2016-04-19 19:26:04','1972-11-28 15:10:39','1975-10-17 02:11:18'),(49,49,1,'1990-02-11 19:27:31','2019-07-07 20:13:30','1973-01-01 10:01:50'),(50,50,2,'1981-10-21 14:10:58','1983-08-13 01:04:33','2001-07-29 09:21:36'),(51,51,3,'1974-03-29 17:09:29','2011-11-04 06:43:02','2000-06-25 14:32:12'),(52,52,1,'1992-02-02 22:46:30','1991-01-26 21:58:23','2000-04-26 15:54:40'),(53,53,2,'2005-12-19 17:34:21','1979-08-22 01:41:21','1974-10-01 01:12:25'),(54,54,3,'1970-03-05 23:07:32','1994-03-06 16:06:24','2004-06-01 09:20:07'),(55,55,1,'1991-11-23 09:20:37','1985-10-04 08:22:11','1992-10-26 09:14:13'),(56,56,2,'2017-11-11 21:41:16','2016-12-22 01:05:52','2007-03-06 17:01:14'),(57,57,3,'2004-08-31 21:43:23','1995-04-19 11:32:46','1999-01-09 17:19:36'),(58,58,1,'1973-02-25 01:26:56','2016-03-25 14:39:09','1986-05-03 06:37:08'),(59,59,2,'1977-02-10 06:40:17','1983-08-17 15:57:29','1993-05-11 23:31:31'),(60,60,3,'1979-09-17 23:13:26','2019-03-15 07:28:33','1970-08-03 02:20:57'),(61,61,1,'1986-01-07 20:34:33','1975-12-19 19:03:53','1986-07-28 05:31:52'),(62,62,2,'1987-03-24 02:51:17','1977-07-28 03:00:40','1988-10-04 17:41:54'),(63,63,3,'1971-12-09 15:36:37','2001-02-17 12:36:01','2012-06-25 10:10:12'),(64,64,1,'1983-11-29 07:06:35','1993-09-03 17:40:56','1987-03-23 20:11:53'),(65,65,2,'2012-06-22 12:04:56','2009-02-09 14:59:40','1970-02-12 14:05:22'),(66,66,3,'1987-06-30 01:51:13','1985-03-11 14:33:05','1975-09-27 23:05:01'),(67,67,1,'1999-10-03 19:57:45','2016-07-02 12:44:16','2007-07-14 10:30:51'),(68,68,2,'2000-02-28 11:43:13','1987-09-29 19:45:05','2013-02-02 01:47:33'),(69,69,3,'2021-04-09 11:34:22','2009-05-11 11:39:58','2014-08-08 04:13:46'),(70,70,1,'2019-10-23 20:20:07','1983-03-16 02:06:53','2008-08-05 10:14:14'),(71,71,2,'2020-07-08 10:10:56','2016-10-28 01:38:40','2014-07-24 10:06:32'),(72,72,3,'1984-06-20 20:22:57','1994-07-02 02:55:24','1998-03-13 21:57:47'),(73,73,1,'2009-01-29 15:23:25','1977-02-23 10:48:43','1973-09-09 07:25:27'),(74,74,2,'1985-03-01 14:32:51','1972-03-13 12:35:56','1983-08-15 22:38:12'),(75,75,3,'1971-01-19 18:22:51','1986-03-13 20:27:09','2006-04-11 21:46:25'),(76,76,1,'1976-08-04 18:13:05','1976-10-27 05:15:14','1977-08-08 18:55:27'),(77,77,2,'1993-01-23 13:23:56','2014-09-18 04:44:14','2015-12-02 00:19:10'),(78,78,3,'1989-12-22 02:36:08','1973-10-11 11:30:54','1972-09-11 10:44:39'),(79,79,1,'1971-05-18 07:36:33','2016-10-06 23:27:33','1996-02-15 08:38:39'),(80,80,2,'2008-08-14 22:55:06','2015-11-18 05:04:15','2002-08-19 21:14:26'),(81,81,3,'1974-07-05 05:26:12','1991-09-16 00:52:30','1978-05-06 23:53:51'),(82,82,1,'1974-11-07 13:57:42','1988-06-30 13:59:54','2000-12-28 07:44:00'),(83,83,2,'1988-02-28 08:20:13','2016-04-12 04:13:22','1994-01-07 09:36:13'),(84,84,3,'2012-11-18 23:51:30','1999-04-09 21:36:36','1992-08-27 06:56:45'),(85,85,1,'1995-06-06 00:59:42','1994-01-02 10:36:24','2008-07-08 12:40:03'),(86,86,2,'1979-09-10 12:27:13','2011-05-23 07:22:51','1994-03-15 06:21:41'),(87,87,3,'2004-12-30 07:08:03','2019-01-04 05:27:20','1984-08-11 02:48:41'),(88,88,1,'2020-11-21 06:05:46','1973-03-25 00:12:19','1971-03-02 12:12:34'),(89,89,2,'1985-04-22 11:21:25','2013-01-16 03:22:08','1970-06-30 12:08:25'),(90,90,3,'2004-10-18 15:57:09','2002-09-22 00:22:19','2009-10-27 11:35:56'),(91,91,1,'1998-08-22 13:10:52','2014-05-27 11:12:30','1976-08-26 06:39:49'),(92,92,2,'2019-10-28 21:22:57','1978-07-31 19:06:06','2009-11-01 05:21:56'),(93,93,3,'2013-07-07 02:09:39','1984-06-16 19:44:13','2018-12-30 15:36:07'),(94,94,1,'1987-11-06 01:38:45','1972-07-07 23:24:42','2011-05-01 13:28:26'),(95,95,2,'2014-10-17 04:32:32','2012-09-26 23:20:09','2013-07-10 02:22:59'),(96,96,3,'1970-06-25 23:40:33','1978-11-14 00:10:43','2010-05-24 09:41:48'),(97,97,1,'2001-08-18 06:15:12','1975-11-13 21:18:27','1970-08-13 19:35:11'),(98,98,2,'1995-10-18 15:18:16','2002-07-13 01:30:06','1998-12-03 13:02:49'),(99,99,3,'2014-03-10 12:39:29','1986-05-26 14:33:48','1986-08-05 19:30:06'),(100,100,1,'1982-12-25 08:24:46','1991-09-14 09:09:02','1978-03-09 21:27:28');
/*!40000 ALTER TABLE `friendship` ENABLE KEYS */;
UNLOCK TABLES;

--
-- Table structure for table `friendship_statuses`
--

DROP TABLE IF EXISTS `friendship_statuses`;
/*!40101 SET @saved_cs_client     = @@character_set_client */;
/*!50503 SET character_set_client = utf8mb4 */;
CREATE TABLE `friendship_statuses` (
  `id` int unsigned NOT NULL AUTO_INCREMENT COMMENT 'Идентификатор строки',
  `name` varchar(150) CHARACTER SET utf8mb4 COLLATE utf8mb4_unicode_ci NOT NULL COMMENT 'Название статуса',
  `created_at` datetime DEFAULT CURRENT_TIMESTAMP COMMENT 'Время создания строки',
  `updated_at` datetime DEFAULT CURRENT_TIMESTAMP ON UPDATE CURRENT_TIMESTAMP COMMENT 'Время обновления строки',
  PRIMARY KEY (`id`),
  UNIQUE KEY `name` (`name`)
) ENGINE=InnoDB AUTO_INCREMENT=4 DEFAULT CHARSET=utf8mb4 COLLATE=utf8mb4_unicode_ci COMMENT='Статусы дружбы';
/*!40101 SET character_set_client = @saved_cs_client */;

--
-- Dumping data for table `friendship_statuses`
--

LOCK TABLES `friendship_statuses` WRITE;
/*!40000 ALTER TABLE `friendship_statuses` DISABLE KEYS */;
INSERT INTO `friendship_statuses` VALUES (1,'aut','2012-01-06 13:56:40','2014-05-26 02:58:00'),(2,'eum','2018-03-18 13:37:00','2020-03-20 01:50:26'),(3,'reiciendis','2016-03-02 13:38:41','2012-12-10 09:52:27');
/*!40000 ALTER TABLE `friendship_statuses` ENABLE KEYS */;
UNLOCK TABLES;

--
-- Table structure for table `media`
--

DROP TABLE IF EXISTS `media`;
/*!40101 SET @saved_cs_client     = @@character_set_client */;
/*!50503 SET character_set_client = utf8mb4 */;
CREATE TABLE `media` (
  `id` int unsigned NOT NULL AUTO_INCREMENT COMMENT 'Идентификатор строки',
  `user_id` int unsigned NOT NULL COMMENT 'Ссылка на пользователя, который загрузил файл',
  `filename` varchar(255) CHARACTER SET utf8mb4 COLLATE utf8mb4_unicode_ci NOT NULL COMMENT 'Путь к файлу',
  `size` int NOT NULL COMMENT 'Размер файла',
  `metadata` longtext CHARACTER SET utf8mb4 COLLATE utf8mb4_bin COMMENT 'Метаданные файла',
  `media_type_id` int unsigned NOT NULL COMMENT 'Ссылка на тип контента',
  `created_at` datetime DEFAULT CURRENT_TIMESTAMP COMMENT 'Время создания строки',
  `updated_at` datetime DEFAULT CURRENT_TIMESTAMP ON UPDATE CURRENT_TIMESTAMP COMMENT 'Время обновления строки',
  PRIMARY KEY (`id`),
  CONSTRAINT `media_chk_1` CHECK (json_valid(`metadata`))
) ENGINE=InnoDB AUTO_INCREMENT=326 DEFAULT CHARSET=utf8mb4 COLLATE=utf8mb4_unicode_ci COMMENT='Медиафайлы';
/*!40101 SET character_set_client = @saved_cs_client */;

--
-- Dumping data for table `media`
--

LOCK TABLES `media` WRITE;
/*!40000 ALTER TABLE `media` DISABLE KEYS */;
INSERT INTO `media` VALUES (1,45,'aut',0,NULL,3,'2011-11-22 18:28:13','2012-08-07 01:04:26'),(2,85,'commodi',83915,NULL,6,'2015-07-17 13:00:47','2014-07-28 15:56:02'),(3,46,'occaecati',390,NULL,2,'2011-11-04 06:41:27','2019-07-14 01:47:51'),(4,34,'maiores',1,NULL,4,'2013-11-06 09:58:38','2014-12-14 18:22:38'),(5,25,'voluptatem',659663648,NULL,1,'2016-02-11 17:03:59','2015-02-18 13:00:17'),(6,7,'qui',37,NULL,2,'2016-10-31 23:28:33','2011-11-24 01:22:40'),(7,27,'cum',3037,NULL,2,'2015-01-03 17:00:36','2016-08-12 09:17:39'),(8,2,'qui',5035688,NULL,2,'2018-09-11 12:58:01','2011-11-21 03:36:55'),(9,32,'minima',486981,NULL,6,'2012-05-30 07:02:55','2017-12-30 14:12:37'),(10,72,'eligendi',524,NULL,2,'2012-09-22 09:04:08','2011-12-29 04:54:23'),(11,68,'et',714123738,NULL,6,'2011-09-14 23:55:16','2012-01-04 23:29:41'),(12,82,'ad',81729533,NULL,6,'2013-06-15 05:25:23','2014-05-10 10:01:55'),(13,90,'porro',8,NULL,2,'2012-11-27 00:17:55','2019-01-12 20:36:01'),(14,2,'rerum',742688,NULL,2,'2011-12-05 11:55:56','2020-07-25 21:39:05'),(15,13,'voluptates',516,NULL,2,'2013-09-05 16:29:15','2021-01-21 20:15:06'),(16,35,'facilis',464214,NULL,4,'2018-02-14 07:08:07','2014-05-29 20:16:30'),(17,72,'qui',6500,NULL,2,'2013-03-24 23:22:34','2015-12-09 04:40:22'),(18,54,'ad',164871,NULL,1,'2018-02-15 18:57:38','2020-06-08 10:10:57'),(19,39,'quis',633364285,NULL,6,'2020-02-07 19:42:55','2021-01-16 10:24:53'),(20,76,'cupiditate',76,NULL,4,'2016-08-11 15:47:44','2015-09-10 22:46:43'),(21,1,'aut',61828,NULL,5,'2017-01-04 13:05:21','2013-01-24 07:34:53'),(22,81,'velit',67289466,NULL,2,'2015-08-08 08:10:26','2019-02-19 16:50:33'),(23,14,'quia',0,NULL,5,'2015-10-19 16:44:49','2019-12-07 21:37:33'),(24,60,'dolores',6,NULL,3,'2017-10-04 01:21:46','2012-08-04 23:07:18'),(25,69,'tenetur',8,NULL,2,'2020-12-07 09:12:13','2017-05-10 11:13:06'),(26,69,'et',0,NULL,3,'2019-02-26 05:17:45','2019-09-22 12:56:29'),(27,17,'similique',71,NULL,3,'2020-05-14 20:49:33','2018-05-23 21:36:51'),(28,28,'rerum',4770,NULL,1,'2016-02-18 17:31:17','2015-07-30 22:10:03'),(29,72,'odit',654424238,NULL,2,'2017-07-15 20:48:21','2017-07-08 08:06:55'),(30,30,'placeat',3753,NULL,6,'2014-10-15 04:27:04','2015-09-30 15:34:21'),(31,56,'reiciendis',95034901,NULL,4,'2018-12-15 00:22:37','2020-03-19 10:53:43'),(32,41,'iusto',0,NULL,2,'2017-03-01 06:57:20','2017-05-22 00:18:00'),(33,83,'alias',564,NULL,6,'2016-12-23 22:09:46','2012-05-03 03:19:28'),(34,43,'deleniti',0,NULL,2,'2012-10-27 19:28:09','2013-06-11 04:43:28'),(35,81,'voluptatem',97,NULL,2,'2013-06-11 16:30:44','2021-01-07 19:12:08'),(36,85,'aliquam',167627453,NULL,5,'2016-11-15 23:21:06','2012-07-09 02:41:07'),(37,100,'magnam',77346,NULL,4,'2015-03-26 17:37:19','2013-04-18 09:44:40'),(38,10,'nihil',0,NULL,1,'2015-12-13 10:22:00','2014-11-07 03:27:58'),(39,48,'impedit',681245717,NULL,5,'2012-08-09 00:36:38','2018-08-12 00:59:50'),(40,59,'laboriosam',0,NULL,1,'2017-04-01 20:25:45','2013-06-08 21:58:36'),(41,1,'sit',97798077,NULL,2,'2014-10-24 13:26:42','2019-05-06 01:47:26'),(42,53,'est',93681058,NULL,2,'2021-02-04 23:50:11','2018-05-04 02:04:26'),(43,76,'consequuntur',5914,NULL,5,'2019-09-25 14:08:38','2012-02-06 03:14:19'),(44,24,'excepturi',0,NULL,3,'2011-05-04 00:31:58','2013-03-15 23:40:25'),(45,9,'debitis',61531953,NULL,4,'2015-08-28 22:06:56','2012-11-19 17:13:33'),(46,31,'blanditiis',5,NULL,4,'2011-05-10 02:26:20','2013-07-09 03:04:36'),(47,17,'ut',0,NULL,5,'2020-04-22 04:12:25','2016-06-10 20:44:49'),(48,91,'voluptas',0,NULL,6,'2015-07-04 22:23:40','2014-12-27 00:10:34'),(49,65,'exercitationem',857090,NULL,3,'2013-07-27 19:13:06','2012-07-13 11:02:29'),(50,21,'delectus',741,NULL,3,'2017-07-13 22:24:27','2015-02-15 18:37:32'),(51,52,'et',225531228,NULL,1,'2021-02-08 20:56:55','2011-10-19 04:12:03'),(52,27,'quis',735578836,NULL,4,'2015-07-21 15:21:36','2017-11-20 18:00:18'),(53,70,'quas',0,NULL,3,'2013-06-12 06:43:12','2014-01-23 01:43:56'),(54,65,'dignissimos',57875206,NULL,2,'2012-12-12 16:06:37','2012-07-12 05:07:42'),(55,5,'et',2106,NULL,2,'2018-09-13 22:03:26','2014-09-29 15:53:03'),(56,34,'et',71345351,NULL,1,'2015-05-10 00:55:35','2019-04-22 20:20:32'),(57,51,'voluptas',0,NULL,6,'2015-03-19 12:00:48','2012-06-28 17:00:59'),(58,23,'modi',605393843,NULL,2,'2018-04-05 01:19:19','2013-04-16 20:23:00'),(59,65,'voluptas',2,NULL,3,'2019-05-11 08:42:35','2016-10-13 15:49:32'),(60,73,'non',0,NULL,5,'2020-05-10 04:26:15','2011-08-10 14:10:38'),(61,99,'sit',6593398,NULL,1,'2015-12-29 23:00:37','2011-04-23 18:22:59'),(62,38,'voluptates',0,NULL,1,'2020-08-07 06:05:12','2019-03-08 23:52:22'),(63,75,'ducimus',0,NULL,2,'2014-04-18 15:45:44','2011-05-15 01:06:55'),(64,15,'atque',93,NULL,3,'2021-02-10 00:16:48','2018-02-01 04:30:34'),(65,62,'ut',890713,NULL,3,'2018-02-28 02:09:06','2019-12-07 03:53:39'),(66,85,'a',1569314,NULL,1,'2016-05-04 23:39:24','2012-09-19 03:18:07'),(67,40,'deleniti',871,NULL,1,'2019-07-20 07:19:51','2012-10-05 06:23:43'),(68,65,'ipsam',229299079,NULL,1,'2015-03-20 16:55:31','2021-04-02 17:40:39'),(69,48,'et',60504510,NULL,2,'2020-09-22 10:44:24','2016-09-03 13:25:40'),(70,27,'illum',46023,NULL,4,'2020-10-25 23:30:01','2018-06-13 08:04:40'),(71,54,'occaecati',7,NULL,4,'2012-11-10 09:10:36','2013-12-21 13:43:18'),(72,58,'itaque',18243894,NULL,1,'2017-05-15 10:58:16','2015-08-07 19:05:37'),(73,46,'dicta',0,NULL,5,'2017-11-25 22:44:57','2016-06-24 13:59:30'),(74,30,'architecto',8020738,NULL,1,'2012-11-19 12:08:49','2017-10-01 04:34:08'),(75,26,'debitis',0,NULL,1,'2017-08-13 02:06:30','2019-11-19 16:20:32'),(76,83,'aperiam',0,NULL,2,'2018-09-21 20:20:40','2011-08-07 01:51:21'),(77,6,'suscipit',430,NULL,2,'2019-08-14 18:19:28','2016-01-23 18:15:46'),(78,39,'assumenda',0,NULL,5,'2015-02-27 06:07:57','2011-07-02 15:34:41'),(79,49,'in',8005335,NULL,4,'2015-11-25 23:30:27','2019-12-02 22:53:31'),(80,20,'est',291010,NULL,1,'2021-04-07 16:46:15','2019-08-20 01:40:56'),(81,89,'et',611914,NULL,1,'2016-04-28 12:21:18','2019-09-14 18:38:09'),(82,24,'est',3884,NULL,2,'2013-03-30 10:14:49','2013-08-10 22:05:34'),(83,17,'ut',28882,NULL,6,'2019-06-06 14:42:16','2018-07-08 23:26:22'),(84,38,'sed',90560,NULL,4,'2019-01-17 17:23:03','2011-08-10 00:49:37'),(85,18,'ea',719808,NULL,4,'2017-08-13 02:39:05','2014-12-06 01:02:20'),(86,16,'aliquid',0,NULL,5,'2011-04-28 08:39:27','2013-03-29 22:18:32'),(87,25,'nulla',384017905,NULL,5,'2015-10-26 02:47:43','2017-07-07 10:14:12'),(88,75,'sit',8408307,NULL,5,'2017-10-15 14:14:48','2011-10-04 13:47:30'),(89,53,'esse',15079,NULL,1,'2011-10-13 03:52:28','2011-11-23 06:48:28'),(90,80,'commodi',60292045,NULL,5,'2014-12-30 20:19:52','2014-05-09 21:20:27'),(91,6,'provident',1,NULL,4,'2013-08-31 04:20:50','2019-09-08 07:21:48'),(92,3,'libero',0,NULL,1,'2018-04-20 08:43:32','2015-10-03 22:01:47'),(93,83,'blanditiis',92,NULL,3,'2012-02-29 17:11:54','2018-03-08 10:58:48'),(94,92,'laboriosam',89281470,NULL,2,'2019-01-19 14:04:28','2017-10-03 16:32:20'),(95,95,'optio',251073364,NULL,1,'2016-05-11 12:01:21','2016-06-21 03:23:08'),(96,40,'architecto',542548167,NULL,5,'2016-04-23 04:39:26','2013-09-03 23:43:21'),(97,16,'dolores',70194351,NULL,4,'2011-12-22 14:46:20','2016-01-27 19:03:43'),(98,12,'saepe',767996,NULL,2,'2019-07-29 06:35:25','2019-11-05 20:22:45'),(99,52,'necessitatibus',66,NULL,3,'2016-09-06 07:16:49','2017-06-12 05:59:11'),(100,96,'non',0,NULL,5,'2017-12-28 00:25:40','2018-11-29 17:37:56'),(101,13,'culpa',6970,NULL,1,'2021-03-04 21:27:12','2016-06-04 16:53:53'),(102,41,'eum',309,NULL,3,'2017-06-06 14:18:27','2018-07-14 17:52:10'),(103,85,'nobis',0,NULL,1,'2019-02-10 09:04:19','2016-04-06 09:44:19'),(104,7,'neque',7002517,NULL,3,'2017-01-31 09:14:47','2016-01-20 09:30:05'),(105,19,'debitis',6540022,NULL,6,'2015-11-20 07:44:09','2014-01-21 03:32:36'),(106,16,'ad',14597842,NULL,2,'2017-02-18 09:38:29','2018-05-01 01:26:48'),(107,48,'recusandae',4050728,NULL,2,'2017-06-20 18:26:06','2014-06-15 15:22:55'),(108,35,'veritatis',17217399,NULL,2,'2014-09-29 11:08:53','2012-08-18 14:49:38'),(109,60,'ut',161456,NULL,2,'2012-05-03 18:55:48','2012-06-10 11:37:19'),(110,60,'tempora',617576,NULL,4,'2011-12-13 03:13:20','2014-05-12 05:41:28'),(111,36,'sit',2,NULL,6,'2014-12-22 21:51:39','2015-11-25 10:44:29'),(112,39,'beatae',748707,NULL,4,'2011-11-13 16:25:41','2017-09-01 13:51:37'),(113,64,'quod',30,NULL,3,'2014-06-28 08:07:55','2016-08-18 01:58:57'),(114,83,'quia',9417,NULL,1,'2015-10-29 03:55:39','2015-02-17 09:13:18'),(115,98,'minima',571597,NULL,5,'2019-06-05 09:26:32','2015-01-05 00:47:48'),(116,85,'quis',14,NULL,1,'2018-08-16 08:07:28','2012-01-31 21:12:33'),(117,89,'eius',4,NULL,2,'2017-03-16 00:52:25','2016-07-08 10:40:19'),(118,49,'fuga',8786,NULL,5,'2020-04-03 19:42:55','2017-08-17 09:51:10'),(119,40,'similique',306759,NULL,4,'2020-09-26 14:42:35','2012-02-09 02:33:02'),(120,11,'modi',11,NULL,4,'2013-04-29 00:30:48','2011-08-23 22:11:39'),(121,41,'sequi',0,NULL,2,'2015-12-15 12:01:25','2019-03-17 04:56:18'),(122,81,'voluptatem',42745,NULL,6,'2015-01-02 12:33:04','2012-07-24 14:22:59'),(123,45,'ut',21,NULL,1,'2015-11-09 22:21:50','2011-07-29 21:24:03'),(124,18,'pariatur',1749,NULL,1,'2019-04-20 13:08:53','2021-04-03 23:38:34'),(125,41,'praesentium',93,NULL,5,'2014-08-31 20:39:25','2018-02-26 07:35:21'),(126,60,'magnam',3,NULL,5,'2017-06-06 12:44:33','2014-10-13 20:17:23'),(127,78,'officia',6,NULL,6,'2020-05-04 01:05:18','2012-03-27 17:59:41'),(128,28,'aut',14258,NULL,3,'2020-10-06 15:08:08','2017-11-13 18:46:33'),(129,47,'et',0,NULL,1,'2014-05-22 17:00:25','2013-10-29 02:56:45'),(130,56,'aperiam',612445,NULL,3,'2016-01-05 09:43:40','2019-01-15 11:15:19'),(131,88,'in',1,NULL,3,'2020-04-29 10:49:58','2013-10-23 05:12:53'),(132,56,'accusamus',950611,NULL,5,'2015-05-29 20:31:23','2017-10-31 00:31:13'),(133,65,'ipsum',5,NULL,1,'2011-04-21 04:03:25','2018-01-29 20:56:53'),(134,49,'consequatur',0,NULL,1,'2014-03-25 23:54:58','2013-09-05 21:13:28'),(135,58,'omnis',61194,NULL,4,'2011-07-27 12:52:14','2020-07-16 01:49:43'),(136,62,'alias',6205981,NULL,6,'2012-09-03 19:35:27','2020-06-11 07:00:01'),(137,86,'unde',521162,NULL,3,'2013-07-13 19:14:59','2015-05-04 08:26:01'),(138,87,'corrupti',2,NULL,2,'2019-08-31 06:18:42','2013-02-16 02:31:46'),(139,58,'fugit',8704,NULL,1,'2013-03-06 15:08:29','2016-11-11 10:35:39'),(140,35,'dolorem',2137,NULL,6,'2014-02-05 09:57:17','2020-01-08 19:24:32'),(141,82,'et',931232628,NULL,6,'2021-03-09 22:45:28','2011-07-16 16:16:36'),(142,75,'eveniet',8,NULL,4,'2020-10-09 07:00:15','2019-05-21 04:33:49'),(143,92,'dolor',478616949,NULL,1,'2012-10-21 13:20:27','2021-01-05 19:48:05'),(144,1,'sit',2860,NULL,3,'2018-04-06 15:25:26','2016-09-22 02:42:51'),(145,12,'tempora',8,NULL,4,'2016-05-07 12:57:55','2011-11-18 19:19:11'),(146,83,'deleniti',319189440,NULL,6,'2012-03-09 13:23:00','2017-08-20 23:59:01'),(147,96,'quis',6,NULL,3,'2015-03-12 18:16:05','2019-08-07 08:30:39'),(148,76,'eligendi',5646660,NULL,4,'2012-05-19 19:06:47','2019-08-22 14:01:22'),(149,42,'ut',478992322,NULL,2,'2014-07-19 04:07:48','2015-06-17 05:35:30'),(150,64,'vel',57,NULL,6,'2019-01-02 07:58:16','2020-10-21 12:10:28'),(151,84,'veritatis',24,NULL,2,'2015-08-02 08:08:10','2014-11-05 18:13:49'),(152,98,'et',167636,NULL,5,'2015-11-30 18:41:42','2011-04-19 17:09:48'),(153,68,'neque',46,NULL,6,'2018-09-21 13:32:54','2015-12-28 13:41:40'),(154,100,'autem',5069289,NULL,2,'2018-01-10 02:45:01','2015-11-13 02:16:17'),(155,88,'enim',777968942,NULL,3,'2012-07-26 07:37:54','2019-11-19 06:08:01'),(156,23,'voluptatem',49662719,NULL,5,'2018-11-07 17:56:32','2018-06-04 22:31:01'),(157,28,'sapiente',58,NULL,6,'2014-09-25 09:24:49','2020-04-07 20:34:04'),(158,29,'culpa',3,NULL,2,'2012-11-29 00:38:11','2011-09-26 17:16:33'),(159,99,'quia',0,NULL,2,'2014-12-13 10:31:32','2012-02-10 20:39:35'),(160,58,'illo',808125,NULL,1,'2018-04-16 13:35:04','2016-01-29 05:39:47'),(161,85,'delectus',161017645,NULL,3,'2016-09-13 10:24:28','2018-08-27 21:41:12'),(162,10,'pariatur',0,NULL,5,'2011-09-07 20:47:50','2013-07-21 16:34:31'),(163,78,'est',13283,NULL,6,'2018-09-08 07:37:16','2013-02-14 22:20:04'),(164,40,'perspiciatis',6768,NULL,2,'2012-10-13 13:55:37','2015-02-11 20:03:17'),(165,9,'ea',76680996,NULL,1,'2017-05-08 19:57:24','2014-03-01 08:23:16'),(166,18,'eaque',0,NULL,6,'2012-03-12 17:38:07','2012-09-19 04:06:56'),(167,29,'facere',532,NULL,1,'2019-08-02 12:22:39','2017-07-24 11:28:09'),(168,62,'tenetur',66771,NULL,6,'2013-01-28 23:31:29','2017-03-09 09:43:56'),(169,99,'ad',55653,NULL,4,'2019-05-25 01:21:57','2011-05-24 10:19:50'),(170,20,'aperiam',91855311,NULL,6,'2019-02-21 13:51:43','2017-01-19 00:35:04'),(171,94,'consequuntur',76,NULL,3,'2012-05-21 01:44:58','2013-12-06 18:25:59'),(172,55,'placeat',3654857,NULL,2,'2018-01-25 06:42:18','2018-11-24 10:33:04'),(173,39,'exercitationem',2526,NULL,5,'2018-05-21 10:47:34','2018-01-12 20:09:58'),(174,41,'voluptas',24,NULL,3,'2014-12-31 02:39:19','2019-06-22 01:00:47'),(175,12,'ipsam',91805662,NULL,6,'2017-12-14 05:28:21','2018-09-14 05:02:05'),(176,47,'ab',9,NULL,6,'2012-11-20 08:37:23','2013-12-11 15:09:53'),(177,38,'eius',877330143,NULL,4,'2016-09-06 15:28:00','2014-04-15 18:34:36'),(178,76,'autem',88,NULL,1,'2011-07-06 18:05:30','2019-05-15 14:46:26'),(179,41,'quo',2,NULL,1,'2014-01-05 22:05:53','2019-02-12 09:47:09'),(180,33,'officiis',0,NULL,3,'2014-07-20 13:12:10','2013-09-25 20:18:00'),(181,19,'nihil',719,NULL,4,'2012-02-22 03:15:26','2019-07-25 01:49:04'),(182,42,'adipisci',12,NULL,3,'2013-04-18 16:16:51','2011-10-18 22:02:38'),(183,65,'tempore',36615200,NULL,1,'2018-01-04 15:18:50','2014-10-31 01:09:16'),(184,44,'sit',3971644,NULL,4,'2019-06-01 02:12:12','2016-09-21 17:55:38'),(185,63,'voluptates',15591,NULL,4,'2019-10-03 07:59:01','2012-10-19 06:26:39'),(186,49,'nihil',7376069,NULL,4,'2013-07-23 17:09:49','2017-09-22 23:30:55'),(187,5,'explicabo',780170,NULL,1,'2017-02-17 17:26:23','2011-12-22 20:59:12'),(188,79,'aut',234893514,NULL,3,'2012-10-16 17:07:06','2013-08-06 00:41:12'),(189,86,'dolores',78,NULL,2,'2019-12-05 12:49:45','2011-06-07 18:55:58'),(190,80,'assumenda',4,NULL,6,'2019-05-24 01:23:50','2021-03-10 10:27:16'),(191,17,'expedita',985876690,NULL,2,'2012-10-21 19:37:17','2017-10-08 09:22:28'),(192,93,'facere',566,NULL,4,'2015-12-26 05:06:49','2017-01-18 01:24:59'),(193,82,'placeat',0,NULL,5,'2018-07-31 09:20:53','2018-04-08 21:29:20'),(194,68,'et',98380,NULL,2,'2015-02-16 01:41:29','2018-08-26 00:01:04'),(195,84,'quis',88352258,NULL,1,'2015-10-20 11:21:35','2019-09-04 04:18:23'),(196,71,'repellendus',47514,NULL,1,'2013-10-17 14:41:16','2011-04-14 05:21:33'),(197,51,'sunt',7116,NULL,1,'2016-03-12 08:58:37','2020-02-23 01:18:33'),(198,50,'ullam',0,NULL,1,'2020-11-21 22:40:34','2012-11-07 05:24:38'),(199,15,'neque',76327,NULL,6,'2015-05-05 00:56:48','2018-07-22 16:30:43'),(200,79,'veritatis',79706,NULL,5,'2019-10-15 18:04:04','2021-02-06 17:31:15'),(201,56,'sit',352699,NULL,2,'2017-12-02 20:51:31','2011-11-04 01:13:30'),(202,34,'impedit',84,NULL,4,'2011-09-28 06:06:54','2018-10-16 20:05:52'),(203,30,'nam',26048941,NULL,1,'2017-06-12 09:40:29','2019-12-08 17:29:23'),(204,4,'in',367,NULL,1,'2017-10-06 10:00:14','2019-05-02 22:42:41'),(205,31,'voluptate',0,NULL,6,'2013-03-19 11:07:46','2015-02-16 05:47:00'),(206,12,'sint',363752,NULL,3,'2019-03-01 17:22:21','2017-03-21 05:03:42'),(207,11,'ducimus',739668,NULL,1,'2015-11-08 15:32:55','2011-09-06 00:31:53'),(208,100,'alias',582097,NULL,6,'2020-04-17 13:53:56','2014-04-22 22:34:34'),(209,72,'autem',62520,NULL,5,'2015-05-29 12:01:42','2016-06-03 21:49:39'),(210,14,'et',84014,NULL,4,'2016-08-09 00:08:42','2012-03-13 07:39:07'),(211,68,'quod',5123331,NULL,6,'2013-11-19 01:09:30','2013-02-02 07:57:43'),(212,57,'esse',5536,NULL,2,'2020-02-11 05:40:44','2012-03-02 09:04:21'),(213,97,'et',12556931,NULL,1,'2012-01-12 07:30:03','2019-06-13 20:56:07'),(214,35,'sit',0,NULL,1,'2013-05-21 08:47:50','2011-09-14 15:28:44'),(215,99,'modi',97348929,NULL,1,'2018-05-06 10:10:10','2020-01-22 06:17:23'),(216,87,'quis',63741,NULL,4,'2014-02-23 17:48:13','2013-04-13 00:49:49'),(217,40,'dolorum',1,NULL,2,'2012-10-31 20:17:09','2012-06-24 20:10:26'),(218,15,'ab',93,NULL,5,'2012-10-15 11:39:25','2012-06-30 23:26:55'),(219,32,'et',90195,NULL,2,'2021-01-25 13:57:35','2017-03-26 13:35:01'),(220,84,'placeat',5,NULL,4,'2014-09-27 12:14:53','2018-06-18 02:44:58'),(221,3,'labore',949,NULL,6,'2020-12-26 09:05:20','2019-01-05 10:34:21'),(222,9,'laborum',85172791,NULL,1,'2019-05-20 07:09:51','2017-02-10 00:34:13'),(223,99,'unde',1,NULL,1,'2016-01-15 03:03:54','2019-08-04 06:40:19'),(224,5,'molestiae',7571,NULL,5,'2018-06-10 09:48:11','2016-03-08 00:01:40'),(225,76,'aut',81,NULL,2,'2021-01-20 21:30:47','2014-01-06 06:49:17'),(226,25,'temporibus',9,NULL,3,'2019-11-28 04:37:10','2017-12-28 01:42:12'),(227,3,'repellendus',561,NULL,5,'2018-06-20 12:50:20','2020-07-01 02:26:37'),(228,62,'eum',115905,NULL,6,'2018-12-30 19:52:23','2020-12-16 05:07:16'),(229,87,'architecto',0,NULL,6,'2019-07-10 07:39:49','2012-05-08 08:57:09'),(230,10,'totam',89,NULL,6,'2018-08-06 17:47:27','2018-09-01 00:48:24'),(231,9,'repudiandae',98005,NULL,6,'2018-02-11 08:33:41','2015-02-01 06:22:11'),(232,40,'explicabo',90544059,NULL,3,'2015-11-25 20:27:56','2019-07-08 12:26:11'),(233,17,'sunt',4,NULL,4,'2011-07-28 23:58:15','2016-12-17 11:53:59'),(234,17,'adipisci',404246769,NULL,3,'2012-07-18 10:40:42','2019-09-18 16:31:26'),(235,73,'dolor',0,NULL,1,'2011-08-27 14:15:19','2012-11-11 06:42:28'),(236,10,'totam',0,NULL,5,'2017-06-27 10:09:08','2015-01-01 14:59:01'),(237,96,'cum',19962812,NULL,2,'2014-09-17 20:45:50','2021-02-19 06:45:44'),(238,87,'ut',2816,NULL,6,'2017-02-19 19:25:56','2018-05-26 03:54:34'),(239,26,'nihil',65315,NULL,6,'2017-07-02 21:42:09','2012-04-30 02:26:48'),(240,65,'molestias',7789707,NULL,1,'2017-10-26 12:54:03','2012-12-10 23:14:48'),(241,9,'pariatur',937337909,NULL,6,'2013-01-21 04:00:53','2019-09-27 06:59:59'),(242,44,'dolores',0,NULL,1,'2017-09-10 09:37:16','2013-08-24 03:46:22'),(243,71,'aspernatur',588597,NULL,1,'2014-01-22 09:18:34','2013-10-03 00:57:03'),(244,10,'unde',0,NULL,4,'2019-08-19 23:03:17','2020-03-31 18:12:07'),(245,1,'placeat',1725273,NULL,2,'2013-12-12 21:04:37','2018-09-10 15:52:31'),(246,43,'culpa',681,NULL,1,'2017-02-21 22:02:09','2018-12-04 15:03:20'),(247,15,'eum',0,NULL,5,'2013-12-23 19:19:41','2020-04-09 11:13:55'),(248,57,'perferendis',75938,NULL,2,'2011-08-04 10:01:50','2018-07-12 15:51:46'),(249,35,'excepturi',96950,NULL,5,'2013-06-19 08:26:44','2014-04-01 22:57:49'),(250,80,'unde',2505341,NULL,1,'2013-09-25 19:31:58','2018-08-31 11:38:27'),(251,73,'est',560072,NULL,6,'2020-01-04 07:28:44','2015-07-28 07:53:29'),(252,82,'voluptates',695,NULL,5,'2015-06-05 05:14:45','2014-12-06 06:23:48'),(253,7,'aperiam',3770436,NULL,5,'2019-09-18 02:44:48','2012-01-08 01:20:49'),(254,63,'optio',364097339,NULL,2,'2014-02-21 15:10:30','2012-04-14 03:15:35'),(255,60,'nostrum',328516329,NULL,2,'2018-08-16 23:32:12','2017-04-12 09:04:26'),(256,33,'sint',4050480,NULL,5,'2016-04-21 15:31:33','2017-05-07 05:10:30'),(257,17,'asperiores',0,NULL,5,'2016-01-14 06:57:37','2014-01-10 19:27:59'),(258,80,'nesciunt',73430,NULL,6,'2012-04-27 07:54:09','2015-08-11 06:41:24'),(259,82,'cum',3749907,NULL,6,'2020-03-29 14:18:08','2016-05-31 23:17:43'),(260,44,'quis',3,NULL,5,'2016-05-22 00:15:55','2018-02-16 02:16:49'),(261,8,'aut',20,NULL,6,'2016-06-11 19:30:56','2018-09-19 05:38:35'),(262,91,'illo',0,NULL,2,'2019-06-19 21:41:29','2012-01-04 23:15:53'),(263,67,'eos',732320853,NULL,3,'2021-03-11 18:41:11','2019-10-17 19:37:40'),(264,55,'impedit',6697794,NULL,1,'2012-07-15 12:25:03','2020-12-04 17:19:05'),(265,21,'voluptas',64154157,NULL,2,'2012-03-31 20:30:31','2017-01-20 00:59:57'),(266,9,'itaque',849306,NULL,6,'2018-11-24 12:11:15','2012-11-01 16:17:26'),(267,22,'doloribus',0,NULL,6,'2017-11-17 20:57:36','2012-09-06 09:24:41'),(268,62,'architecto',0,NULL,2,'2011-05-18 03:50:25','2016-06-29 16:10:24'),(269,59,'aperiam',6,NULL,2,'2018-09-11 12:00:51','2017-10-20 06:11:45'),(270,60,'quis',0,NULL,2,'2020-04-16 11:58:58','2018-12-24 01:46:38'),(271,51,'cupiditate',0,NULL,6,'2017-02-20 04:32:15','2012-05-07 11:24:09'),(272,86,'est',849,NULL,5,'2011-08-16 15:19:53','2013-04-09 13:30:14'),(273,69,'explicabo',9292190,NULL,4,'2015-01-26 10:28:11','2014-12-29 11:29:20'),(274,54,'quasi',958260,NULL,3,'2015-05-16 20:53:32','2017-06-04 14:01:20'),(275,54,'consequuntur',5361,NULL,6,'2021-01-06 00:22:24','2016-04-17 19:23:31'),(276,32,'dolore',4851,NULL,4,'2016-12-16 02:31:44','2016-04-01 09:32:30'),(277,83,'culpa',9,NULL,2,'2017-04-28 06:27:51','2019-04-16 00:39:10'),(278,85,'ut',37803,NULL,3,'2012-06-02 04:55:39','2019-05-16 17:27:26'),(279,70,'et',44,NULL,3,'2016-01-10 05:28:57','2019-02-11 06:50:51'),(280,52,'aut',960,NULL,6,'2015-07-16 17:30:48','2021-01-12 01:39:55'),(281,73,'ea',2,NULL,4,'2019-11-17 00:38:05','2020-08-15 18:10:51'),(282,83,'nostrum',6,NULL,6,'2011-12-04 12:04:39','2018-11-04 16:14:34'),(283,51,'eum',2,NULL,3,'2014-09-08 05:56:35','2020-02-27 08:24:12'),(284,22,'laborum',96,NULL,1,'2018-02-07 11:03:56','2013-11-04 12:40:27'),(285,68,'laboriosam',905,NULL,5,'2019-06-09 04:03:07','2016-09-19 03:04:41'),(286,28,'quidem',71,NULL,2,'2014-12-16 17:19:08','2016-02-20 19:50:25'),(287,75,'sunt',0,NULL,1,'2016-01-29 09:49:12','2013-01-05 07:32:13'),(288,86,'qui',12,NULL,3,'2016-09-13 21:56:42','2020-10-01 08:45:42'),(289,78,'minima',0,NULL,3,'2015-04-26 01:10:43','2020-12-16 20:49:23'),(290,93,'consectetur',721779845,NULL,2,'2016-06-11 15:22:40','2011-05-09 10:32:55'),(291,37,'totam',5210898,NULL,2,'2019-08-16 07:20:19','2020-07-19 01:04:13'),(292,94,'alias',10,NULL,2,'2013-02-04 08:19:11','2021-01-16 01:24:58'),(293,47,'iste',8442378,NULL,5,'2015-06-20 02:37:36','2021-01-22 15:14:17'),(294,70,'eius',7993,NULL,1,'2015-02-16 07:46:00','2018-08-30 01:49:12'),(295,18,'omnis',87,NULL,2,'2020-04-17 21:44:50','2013-07-10 10:03:32'),(296,6,'saepe',0,NULL,6,'2013-07-31 17:09:04','2018-08-02 00:23:21'),(297,81,'aut',532581,NULL,6,'2014-11-16 14:14:36','2020-07-03 17:59:23'),(298,84,'sequi',506,NULL,2,'2014-08-08 08:03:56','2014-06-05 23:54:40'),(299,33,'et',778,NULL,1,'2012-06-18 07:45:50','2019-04-20 17:25:14'),(300,41,'voluptatibus',0,NULL,6,'2017-06-23 23:49:50','2016-02-26 13:01:22'),(301,88,'qui',45066,NULL,5,'2021-02-11 00:02:59','2014-12-12 07:33:14'),(302,19,'fuga',36,NULL,4,'2013-09-01 04:52:04','2016-10-19 06:54:10'),(303,81,'iste',183,NULL,1,'2014-10-10 08:34:17','2015-12-13 13:32:37'),(304,5,'recusandae',5647058,NULL,4,'2012-01-01 02:23:36','2015-11-25 10:06:43'),(305,44,'inventore',99384918,NULL,6,'2016-03-02 22:27:06','2017-02-13 23:27:28'),(306,91,'voluptatem',3563148,NULL,5,'2020-09-25 04:47:45','2018-03-03 10:21:09'),(307,20,'accusamus',928,NULL,6,'2012-11-21 22:11:56','2015-01-27 21:47:56'),(308,100,'est',7286,NULL,4,'2020-11-13 22:21:17','2014-08-27 09:10:28'),(309,63,'molestiae',69628172,NULL,5,'2021-03-23 10:46:28','2014-05-29 21:18:47'),(310,82,'odit',0,NULL,5,'2019-12-20 21:24:37','2017-06-01 23:49:10'),(311,89,'atque',3790,NULL,6,'2013-09-26 17:25:00','2020-01-19 06:18:57'),(312,70,'nam',24568,NULL,5,'2015-09-02 15:41:28','2011-08-04 14:05:14'),(313,77,'voluptates',5752,NULL,4,'2020-07-20 19:00:49','2014-03-05 02:54:39'),(314,1,'illum',234128545,NULL,1,'2014-02-15 12:52:57','2021-03-12 07:55:39'),(315,59,'ut',110955280,NULL,3,'2011-07-23 14:41:44','2016-03-28 09:37:56'),(316,9,'doloribus',22,NULL,3,'2014-05-26 19:12:34','2011-07-19 07:14:15'),(317,8,'quis',36649090,NULL,2,'2016-03-29 19:45:14','2019-01-11 16:54:51'),(318,8,'maxime',71809,NULL,6,'2018-10-07 03:09:36','2019-01-20 12:43:45'),(319,31,'est',125337,NULL,1,'2020-05-28 14:11:29','2014-11-19 00:08:00'),(320,47,'illum',45297,NULL,5,'2017-06-26 21:31:32','2019-01-18 00:28:58'),(321,8,'qui',7,NULL,3,'2016-05-08 06:31:10','2015-10-25 20:39:03'),(322,54,'dolor',0,NULL,2,'2015-10-08 08:56:33','2013-04-30 17:36:10'),(323,21,'eos',9520022,NULL,4,'2019-03-26 10:38:23','2020-05-06 11:29:26'),(324,94,'id',942083,NULL,5,'2013-09-05 06:13:59','2020-08-08 00:48:37'),(325,21,'et',3,NULL,5,'2015-02-10 12:36:25','2020-04-04 05:24:02');
/*!40000 ALTER TABLE `media` ENABLE KEYS */;
UNLOCK TABLES;

--
-- Table structure for table `media_types`
--

DROP TABLE IF EXISTS `media_types`;
/*!40101 SET @saved_cs_client     = @@character_set_client */;
/*!50503 SET character_set_client = utf8mb4 */;
CREATE TABLE `media_types` (
  `id` int unsigned NOT NULL AUTO_INCREMENT COMMENT 'Идентификатор строки',
  `name` varchar(255) CHARACTER SET utf8mb4 COLLATE utf8mb4_unicode_ci NOT NULL COMMENT 'Название типа',
  `created_at` datetime DEFAULT CURRENT_TIMESTAMP COMMENT 'Время создания строки',
  `updated_at` datetime DEFAULT CURRENT_TIMESTAMP ON UPDATE CURRENT_TIMESTAMP COMMENT 'Время обновления строки',
  PRIMARY KEY (`id`),
  UNIQUE KEY `name` (`name`)
) ENGINE=InnoDB AUTO_INCREMENT=7 DEFAULT CHARSET=utf8mb4 COLLATE=utf8mb4_unicode_ci COMMENT='Типы медиафайлов';
/*!40101 SET character_set_client = @saved_cs_client */;

--
-- Dumping data for table `media_types`
--

LOCK TABLES `media_types` WRITE;
/*!40000 ALTER TABLE `media_types` DISABLE KEYS */;
INSERT INTO `media_types` VALUES (1,'aperiam','2012-12-18 19:48:15','2016-10-30 22:19:25'),(2,'molestiae','2012-09-08 17:21:51','2015-02-18 00:48:32'),(3,'neque','2015-10-04 00:49:14','2021-02-23 22:46:54'),(4,'iure','2018-04-18 11:40:35','2014-11-06 16:37:51'),(5,'ullam','2016-09-03 23:41:20','2013-07-03 17:48:15'),(6,'autem','2020-07-01 04:28:12','2020-04-27 18:06:13');
/*!40000 ALTER TABLE `media_types` ENABLE KEYS */;
UNLOCK TABLES;

--
-- Table structure for table `messages`
--

DROP TABLE IF EXISTS `messages`;
/*!40101 SET @saved_cs_client     = @@character_set_client */;
/*!50503 SET character_set_client = utf8mb4 */;
CREATE TABLE `messages` (
  `id` int unsigned NOT NULL AUTO_INCREMENT COMMENT 'Идентификатор строки',
  `from_user_id` int unsigned NOT NULL COMMENT 'Ссылка на отправителя сообщения',
  `to_user_id` int unsigned NOT NULL COMMENT 'Ссылка на получателя сообщения',
  `body` text CHARACTER SET utf8mb4 COLLATE utf8mb4_unicode_ci NOT NULL COMMENT 'Текст сообщения',
  `is_important` tinyint(1) DEFAULT NULL COMMENT 'Признак важности',
  `is_delivered` tinyint(1) DEFAULT NULL COMMENT 'Признак доставки',
  `created_at` datetime DEFAULT CURRENT_TIMESTAMP COMMENT 'Время создания строки',
  PRIMARY KEY (`id`)
) ENGINE=InnoDB AUTO_INCREMENT=501 DEFAULT CHARSET=utf8mb4 COLLATE=utf8mb4_unicode_ci COMMENT='Сообщения';
/*!40101 SET character_set_client = @saved_cs_client */;

--
-- Dumping data for table `messages`
--

LOCK TABLES `messages` WRITE;
/*!40000 ALTER TABLE `messages` DISABLE KEYS */;
INSERT INTO `messages` VALUES (1,12,98,'Ut sunt quod eligendi sapiente voluptatem. Ipsa vero alias sequi ut dolor dicta. Et eum qui eos aut adipisci explicabo asperiores.',0,0,'2015-02-06 00:00:19'),(2,16,58,'Deleniti consequatur ducimus consequatur nulla sed quas. Ad perspiciatis distinctio pariatur consequatur. Est tempora commodi occaecati numquam saepe expedita ea. Maxime officiis quam omnis officiis in. Enim cum facere possimus fuga.',1,1,'2014-10-10 22:17:20'),(3,75,99,'Qui quibusdam dolores porro labore quaerat. Minima et earum ut et. Voluptas tempora impedit minima sapiente. Sequi debitis dignissimos possimus quia assumenda est.',1,0,'2012-05-07 12:56:58'),(4,70,62,'Ut occaecati occaecati id ab cupiditate est. Quo accusamus deleniti non dolor. Sed placeat nostrum mollitia consequatur placeat. Soluta rem sit qui dolorem expedita.',1,0,'2015-12-25 02:39:43'),(5,81,44,'Commodi voluptatem rerum voluptatem accusamus nostrum omnis. Totam est aperiam laborum ad expedita. Placeat quia quaerat ad quas quia sint. Et asperiores a modi voluptate aut.',0,0,'2015-06-22 16:54:43'),(6,46,70,'Et eos vel quaerat et ut occaecati dolorem corporis. Sed quam numquam omnis et est nihil quibusdam.',0,1,'2014-01-16 21:13:29'),(7,94,91,'Ipsa adipisci eos tenetur beatae cum. Rerum dolorum voluptas non voluptatem fugit sunt. Dicta expedita sunt consequatur ut explicabo qui atque. Quisquam vel modi voluptates error laudantium placeat.',0,0,'2015-08-30 19:42:42'),(8,57,44,'Aut consectetur nisi porro. Blanditiis qui nostrum quis quos tenetur dolores quas. Velit quaerat voluptas iure excepturi debitis quam. Quia enim tempora ut repudiandae est. Perferendis dolores iusto dolorum fuga sed velit.',0,0,'2021-01-19 21:41:26'),(9,47,24,'Doloribus quas expedita qui et. Inventore ut nesciunt aut quae in quam sit. Qui quod voluptatum eos quis dolore dolor.',0,0,'2014-02-15 17:27:09'),(10,16,5,'Accusantium consequuntur quisquam minus consectetur quis ut perspiciatis. Non id est perferendis ipsa error aut illo expedita. Sit temporibus molestias earum dolorem odit facilis. Vel molestias eos a sit sint enim.',0,0,'2016-10-16 00:01:26'),(11,95,74,'Quod et sit vel doloremque. Et itaque explicabo perferendis. Consectetur accusamus et quisquam voluptatem similique.',1,0,'2019-07-27 16:39:51'),(12,52,99,'Soluta est eius sunt dignissimos quod quas ratione. Quis corrupti sunt minus aperiam non. Sed odio totam non itaque. Officia quos reprehenderit consequatur voluptate accusantium.',1,1,'2021-02-04 10:22:44'),(13,30,3,'Vel quisquam explicabo voluptatem voluptatum. Voluptatibus aperiam est placeat aut. Esse dicta repellendus non qui dolor atque reprehenderit. Nesciunt dolor neque pariatur ut vel molestiae.',1,0,'2020-01-08 06:37:41'),(14,57,37,'Molestias itaque perspiciatis iusto ducimus dignissimos. Voluptatem amet aut quibusdam expedita. Ipsa voluptatibus non sed similique ea. Ut quia rem est fugit aspernatur magnam.',1,0,'2020-03-10 03:56:43'),(15,64,75,'Eum sed aliquam nihil aperiam. Voluptatem fugit animi vel sit. Iusto enim repellendus eligendi consequatur vel vel ea.',0,0,'2017-09-25 02:25:06'),(16,55,76,'Sit dolorum voluptatibus enim ratione enim. Sunt laborum qui omnis sapiente repellat. Laboriosam quod dolor distinctio laudantium alias.',0,1,'2018-11-11 08:54:43'),(17,73,71,'Possimus consequuntur suscipit dolorem veritatis tempora commodi voluptatem voluptas. Omnis incidunt cumque esse sit deleniti illo.',1,1,'2015-12-06 22:22:06'),(18,33,47,'Et recusandae officia et ullam. Molestiae quos temporibus error aliquam aperiam voluptatem. Nostrum corporis dolorem sint iusto consequuntur aut ipsum.',1,0,'2018-09-10 16:09:42'),(19,69,3,'Non sequi explicabo qui iure corrupti excepturi et voluptas. Tempora qui unde voluptas impedit. Est quam dolores asperiores in consequatur. Consequatur distinctio rerum delectus voluptatem.',0,0,'2015-11-11 05:44:03'),(20,9,50,'Laborum ex quasi provident repellendus assumenda vero et odio. Impedit beatae odio in et. Fugiat sit voluptatibus praesentium illo ut. Voluptas quis officia voluptatum esse maxime et molestiae adipisci.',0,0,'2020-10-08 09:44:13'),(21,46,55,'Cum itaque libero beatae. Molestiae non et corrupti ipsa soluta aut. Dignissimos voluptas hic earum sunt.',0,1,'2014-11-12 05:32:45'),(22,20,39,'Voluptas suscipit totam sed qui. Rerum adipisci consequatur accusamus quam. Quasi dicta voluptatum a nostrum in est et. Dolores voluptatem rerum laborum aperiam neque.',0,0,'2015-07-01 08:06:48'),(23,45,77,'Iusto ut temporibus ullam praesentium perferendis. Repellat quas libero id sit impedit. Sit repellat quod eum eveniet voluptatum quis deleniti.',0,1,'2012-11-29 06:07:04'),(24,83,92,'Totam eligendi omnis sed numquam corporis tempore. Dolorem et excepturi labore quae corporis et. Reiciendis distinctio sapiente deleniti magni et soluta. Voluptates fuga non quae.',1,1,'2015-08-23 00:57:51'),(25,100,99,'Aperiam culpa quis illum corrupti voluptas sunt qui. Quis eum aperiam ex non maiores ea dolorem.',1,1,'2017-08-20 08:52:05'),(26,96,94,'Tempore quas fugiat non. Non a cupiditate distinctio aut pariatur ut.',0,0,'2015-12-24 11:21:48'),(27,72,47,'Velit eligendi molestiae voluptate eum nisi quia. Soluta quis ipsum cumque consectetur rerum. Culpa et voluptatem quis aperiam deserunt autem.',0,0,'2013-08-25 22:46:13'),(28,93,2,'Illum quisquam dolore adipisci porro. Quae nobis blanditiis quas deleniti ipsum nihil. Alias ipsam ab quidem fugit et fuga. Vel non accusantium omnis cumque molestias.',0,1,'2019-01-19 13:52:22'),(29,49,49,'Animi accusamus corporis dolor repellendus commodi adipisci. Iste eum unde et eveniet ipsum dolores. Omnis et mollitia laudantium ea.',1,1,'2016-01-01 00:22:32'),(30,38,13,'Dignissimos ut et illum deleniti illum. Maiores dignissimos et est. Nam sapiente explicabo excepturi nam quo.',1,1,'2015-12-09 12:50:24'),(31,24,93,'Expedita accusamus quod aut in. Sunt nisi aperiam dignissimos est ex. Eos quis minima suscipit odit vel recusandae. Saepe sit id recusandae illum pariatur iste. Sapiente qui ut sunt omnis adipisci.',1,0,'2018-03-08 21:46:18'),(32,88,97,'Repellat perspiciatis ipsa et commodi at est quia. Eveniet quibusdam at sequi in. Et et maiores impedit inventore laborum quia consequuntur dicta.',0,0,'2013-08-01 03:02:30'),(33,63,21,'Culpa aut perspiciatis distinctio labore. Corrupti delectus et et ratione velit magnam fugiat provident. Voluptatem labore voluptatem sed cumque non. Voluptas voluptatem sit quibusdam dolores ea labore beatae.',0,0,'2017-08-25 10:56:00'),(34,44,32,'Veritatis amet qui sunt in consequatur facilis numquam. Aliquam corrupti expedita ad ipsum voluptas. Reprehenderit exercitationem qui deserunt aut.',0,1,'2014-02-13 03:49:03'),(35,24,52,'Unde sed enim qui et at non. Quibusdam occaecati consequatur alias voluptas. Est sed voluptas non reprehenderit aperiam voluptas. In molestiae sint ullam. Ut ullam magnam molestiae quia sint nostrum itaque.',1,0,'2016-03-30 12:00:24'),(36,82,69,'Dicta similique aut quia nisi. Cupiditate quo omnis in velit id aut voluptatum. Rem sapiente nulla id voluptate.',0,1,'2012-12-02 21:45:25'),(37,6,1,'Aspernatur ratione repudiandae excepturi sed. Quia animi enim accusantium autem et. Occaecati eius veniam facere nihil earum sed cumque.',0,1,'2019-06-17 06:47:11'),(38,8,51,'Id et sequi debitis quia tempora et repudiandae est. Est modi cum quia architecto. Sit commodi velit sunt minima id. Dignissimos et veritatis laborum voluptate alias quod illo nobis.',0,0,'2015-10-26 03:55:50'),(39,77,91,'Molestiae ipsam corrupti qui nesciunt non nesciunt. Suscipit et voluptates et laudantium saepe delectus. Beatae ipsam consequatur adipisci.',1,1,'2012-02-26 06:16:22'),(40,42,76,'Quis repudiandae eius minima eveniet alias. Necessitatibus beatae corporis dolores. Error magni quis alias ut impedit quidem. Blanditiis velit totam eius assumenda deserunt. Perferendis maxime placeat facere provident omnis quia autem.',1,0,'2012-02-17 06:41:45'),(41,89,38,'Pariatur rerum maiores aut autem consequuntur maiores. Esse vel tempore delectus molestiae aut. Excepturi provident debitis hic similique.',1,0,'2013-10-21 02:20:13'),(42,70,61,'Rerum ipsam id necessitatibus. Aut est voluptas aspernatur adipisci quibusdam omnis. Earum aut aut quia ut enim iure pariatur.',1,0,'2019-12-21 19:01:03'),(43,84,62,'Et et veritatis aut incidunt. Dolorem maxime voluptatum sed voluptatem repudiandae quod similique consequatur. Quo unde unde aut quia. Ut sint nostrum modi ratione.',1,1,'2012-02-21 13:59:59'),(44,63,33,'Libero quo qui illo exercitationem ipsum blanditiis sed. Voluptas excepturi autem saepe quo. Enim eveniet dolor velit. Dolores quam reprehenderit aut.',1,0,'2016-07-12 02:22:44'),(45,11,1,'Unde aut magni voluptatibus itaque. Eos laboriosam sunt sequi voluptatum beatae ad quas. Libero fuga saepe aspernatur non id. Ea enim aut porro praesentium dignissimos vitae harum.',1,0,'2016-11-15 01:47:32'),(46,46,35,'Cum perspiciatis repudiandae ex neque magni eveniet. Illo expedita et distinctio ipsam. Dolorem ut qui harum illo architecto.',1,0,'2011-10-02 23:24:56'),(47,93,34,'Omnis quis quia asperiores. Non expedita molestiae et doloribus amet. Quo delectus iusto et ea quia aut. Est incidunt repudiandae est modi quae eligendi. Neque voluptatem sed omnis maiores nam laborum.',0,0,'2017-05-17 03:57:02'),(48,31,56,'Et quos natus sed itaque ipsum et. Fugit exercitationem et totam optio mollitia. Officiis laudantium enim dolorem harum. Ipsam ea non expedita rerum eum labore. Occaecati in est repellat aut quod.',1,0,'2017-05-11 19:58:45'),(49,54,75,'Aspernatur tempora amet suscipit pariatur reiciendis et praesentium id. Qui eum cupiditate natus laborum excepturi non. Amet voluptas nihil odio qui autem et. Aliquid porro reiciendis non non.',0,1,'2017-05-12 08:48:18'),(50,87,77,'Ab non dolor et omnis a aut. Temporibus voluptatem nesciunt veritatis eos optio aliquid sit. Autem ea perferendis et delectus.',0,0,'2019-07-21 06:16:10'),(51,26,68,'Neque pariatur autem numquam assumenda quis qui. Ullam voluptas et aut incidunt ut ut. Repellat deleniti aperiam molestiae dolor facere. Sint natus similique vitae natus veritatis qui eligendi qui.',1,1,'2020-08-20 21:46:26'),(52,46,32,'Consequuntur est quos ut tenetur libero eveniet provident minima. Excepturi sint deserunt impedit rem consequatur. Natus eos voluptatum dolorem ut nemo ad dignissimos. Voluptas et recusandae sapiente velit cum.',0,1,'2016-10-26 07:35:51'),(53,69,54,'Maxime temporibus quis repellat voluptatibus omnis rerum. Dolorem quo quibusdam accusamus molestiae mollitia laudantium officiis. Minima non aperiam assumenda ipsa omnis et odit.',1,0,'2011-10-06 18:29:25'),(54,83,45,'Odio dolor et tenetur dolores qui. Illo sed et explicabo id debitis ut qui. Inventore qui aperiam ut nesciunt hic saepe.',0,1,'2016-03-07 10:40:41'),(55,44,25,'Ut aut eveniet consequatur enim voluptatem. Aut minima ipsam et. Dolore dolorem sit perferendis quibusdam exercitationem quae debitis. Maiores quasi mollitia id earum ut ut.',1,1,'2013-10-10 02:16:56'),(56,21,32,'Impedit optio sint est quam. Repellendus explicabo nostrum aliquid nemo nisi dolores autem. Repudiandae accusamus vero quia quasi. Aut harum eaque aut suscipit veritatis.',1,0,'2019-04-01 10:15:04'),(57,62,91,'Nihil earum velit eveniet vel quo nesciunt. Quisquam quia et molestiae consequatur. Ipsa voluptas praesentium unde repellendus qui delectus voluptas.',0,1,'2017-01-13 03:08:39'),(58,92,46,'Autem quos est cumque recusandae ipsum. Ut magnam fugiat doloribus ut voluptatem et. Voluptatem iusto ullam sunt in. Voluptatem sit repellat molestiae.',1,1,'2018-08-14 05:47:33'),(59,52,54,'Et ut quia tenetur ea aut. Molestiae quibusdam distinctio incidunt fuga totam. Quia quis laborum quis incidunt ut nobis tempore. Sit aspernatur perspiciatis vel distinctio eum nisi. Aliquam voluptatem ullam veniam nostrum inventore fugit facilis eos.',0,1,'2020-05-02 19:02:25'),(60,78,63,'Et quia perspiciatis repellendus magni. Sit non officiis illo optio occaecati amet unde ad.',0,1,'2017-05-29 23:32:39'),(61,54,24,'Nihil dolore non magni ratione et quia corporis. Repellat voluptatibus perferendis assumenda blanditiis amet nostrum necessitatibus.',0,1,'2018-09-22 19:59:51'),(62,97,47,'Autem perferendis ipsam ut quibusdam omnis. Facilis cum aut aut aspernatur corporis impedit laudantium. Voluptatem voluptatum provident maxime id. Veritatis et consequatur vero voluptatem temporibus ab id.',1,1,'2018-06-15 12:18:59'),(63,57,28,'Odio ut ad velit rerum nam. Pariatur nam adipisci consequuntur beatae.',0,0,'2013-08-07 19:43:47'),(64,2,10,'Doloremque porro nihil sunt. Consequatur in tenetur esse et consectetur. Voluptatem commodi impedit natus perspiciatis libero amet. Aperiam voluptatem rem ut doloribus vitae qui quidem dolores.',0,0,'2017-04-24 07:33:15'),(65,2,88,'Deleniti id consequatur quod dolorum at quia consequatur aperiam. Delectus et vel accusantium saepe occaecati est perspiciatis.',0,1,'2018-02-16 23:18:37'),(66,87,28,'Molestiae labore fugit impedit harum est. Qui cum dolorem laboriosam quasi eaque.',0,1,'2016-01-16 19:08:35'),(67,56,33,'Voluptas ullam modi cumque possimus eos et voluptates. Laborum numquam reiciendis ratione hic soluta. Qui dolor doloribus est non et.',0,0,'2012-10-11 06:31:39'),(68,60,24,'Qui facere vero maiores aut voluptatibus. Beatae quo placeat veniam vitae molestias aliquid. Temporibus quo similique aperiam rem.',1,1,'2020-10-08 19:44:05'),(69,86,42,'Qui quas officiis voluptatibus quo sed error. Reiciendis perferendis necessitatibus deserunt optio est nostrum similique. Dolor corrupti fugit sit quis temporibus voluptatem nemo voluptas.',0,0,'2014-06-05 18:54:02'),(70,69,29,'Excepturi numquam beatae quisquam vel asperiores placeat dolorum. Illo sint placeat dolore sunt. Iusto ut sed magnam explicabo libero atque.',1,1,'2014-10-05 00:14:53'),(71,67,89,'Blanditiis maxime ut autem aliquam adipisci vitae dignissimos. Vel reiciendis deleniti fuga voluptates. Harum consequatur magni autem et. Voluptate est laborum quo ex ducimus fugit.',1,1,'2011-09-30 08:27:05'),(72,61,28,'Provident autem et veritatis odit et asperiores similique. Repellendus culpa doloremque minima sint ut. Sed porro qui rerum.',1,1,'2016-01-13 11:10:28'),(73,80,53,'Mollitia voluptatem modi reiciendis voluptas. Qui quia sed laudantium suscipit ab in voluptatem sit. Modi hic repellendus ab repudiandae voluptatem. Perferendis ab ut et quibusdam iure tempora omnis.',0,0,'2011-09-29 13:59:06'),(74,73,32,'Veritatis qui maiores qui libero dolorum. Aut officiis molestias incidunt tempora omnis dolorem qui. Consequatur ut culpa sit vero.',1,0,'2015-12-21 00:28:48'),(75,7,51,'Provident consequuntur hic eum incidunt doloremque qui dolor. Consequatur cum accusantium eos qui voluptatem suscipit doloribus. Aliquam tempora est ipsum libero et illum. A excepturi est fugit.',0,0,'2018-07-25 02:30:19'),(76,94,60,'Eos fuga reprehenderit autem laborum. Tenetur rerum reiciendis illo id illo eos. Est quas consequuntur nobis molestiae provident pariatur illo vitae. Sequi est molestias adipisci qui.',1,0,'2019-07-15 21:44:47'),(77,74,91,'Dolorem adipisci iste corporis rerum. Sunt nam est alias facilis odit molestiae. Natus qui et sit aut numquam.',1,0,'2011-12-08 01:46:27'),(78,7,30,'Provident nemo minus repellat et blanditiis. Vero fugit qui qui porro perferendis libero mollitia. Commodi aut aut id sed vitae minus.',1,1,'2018-06-13 04:42:06'),(79,18,8,'Et hic animi reiciendis natus. Dolorum consequatur incidunt placeat magni inventore aut vero. Aliquid qui incidunt voluptas libero et illo tempore. Nihil et aspernatur alias dolores dolor facilis.',0,0,'2019-02-18 11:22:42'),(80,40,20,'Ut nisi et cumque et et iste et numquam. Est temporibus tempore aut asperiores ipsam amet voluptas.',0,1,'2020-11-14 00:57:38'),(81,96,27,'Sit facilis atque ut. Error est voluptas qui. Iure perspiciatis qui est corporis laudantium quibusdam.',1,1,'2018-05-12 04:46:38'),(82,48,51,'Earum earum error omnis praesentium at laborum. Doloribus autem qui officia eos animi. Enim ex laborum quia magnam et.',1,1,'2017-12-26 01:10:15'),(83,60,7,'Et facere a excepturi qui doloribus. Est aut ut cupiditate quae laborum. Veritatis et itaque laudantium tempora. Quo mollitia et quaerat doloremque.',1,1,'2017-11-18 14:45:14'),(84,75,45,'Voluptate rerum reprehenderit neque et. Voluptates nihil expedita sint. Officiis nihil eaque dolorum. Ut at odio repellat qui esse incidunt illum.',0,0,'2020-12-27 01:17:14'),(85,49,44,'Nihil tempore culpa aut et. Reiciendis animi est omnis animi sed consequatur fugit. Possimus qui aut consectetur. Hic doloremque et animi possimus perferendis. Dolorem magni nulla earum praesentium impedit dicta.',1,0,'2017-04-14 15:00:08'),(86,74,15,'Odio ipsum corporis perferendis enim provident. Laudantium quaerat delectus velit quia aliquam. Nulla omnis debitis temporibus possimus dolorem suscipit rerum distinctio.',0,1,'2015-07-02 02:39:43'),(87,32,34,'Ea ut earum nesciunt non voluptate. Dignissimos ratione repellendus culpa ut ut repellat voluptatem. Culpa aut commodi commodi ut sit. Quia ut similique sit rerum beatae accusamus nulla.',0,1,'2015-12-19 14:47:38'),(88,43,12,'Commodi inventore maiores excepturi rerum non officia. Veritatis enim eaque at nihil sint non.',1,1,'2015-01-27 15:36:31'),(89,86,15,'Accusantium ut nulla perspiciatis voluptatem pariatur natus vitae sapiente. Sequi ea voluptatum voluptatem maxime non. Iure voluptatum et est est officia.',0,0,'2016-02-07 07:56:44'),(90,43,92,'Et velit quasi labore sapiente. Et voluptatem autem et distinctio autem est maxime. Optio eius voluptates quis quasi nisi distinctio rerum et. Autem eius odio placeat iure non unde exercitationem. Error veniam tempora ut quia qui pariatur magnam.',0,1,'2015-11-11 06:54:02'),(91,66,36,'Quo quod omnis beatae nesciunt cupiditate fugit ad. Distinctio cupiditate culpa voluptatem. Ut nam quod corrupti architecto unde voluptate.',0,0,'2014-11-03 07:05:06'),(92,52,40,'Dolorem sit saepe minima laudantium molestias unde eos est. Enim voluptatibus a est. Vero ullam ipsam voluptatum fugit eligendi.',0,0,'2013-04-01 06:04:42'),(93,27,59,'Mollitia cumque culpa non ab perspiciatis. In est deserunt soluta sint officia beatae eum. Provident veniam cum eos qui voluptatem ut.',1,0,'2021-01-13 05:38:17'),(94,70,45,'Quo labore iste a voluptatem ex. Similique quidem animi rem aut a culpa. Non soluta molestiae voluptatum. Quibusdam maiores ab qui facere at quis omnis. Ea iusto libero iste libero numquam.',1,0,'2018-10-30 15:26:01'),(95,66,9,'Incidunt iure voluptatem quo cupiditate dolorem minus possimus. Perspiciatis ab et voluptates rerum velit velit perspiciatis illo. Recusandae ad animi maiores ut numquam inventore corrupti. Error labore ab sunt deleniti fuga minus sequi.',1,1,'2021-01-03 03:43:18'),(96,64,61,'Pariatur consequatur animi voluptatibus id temporibus nulla. Facere consequatur voluptatem beatae tempore ipsam quam.',0,1,'2019-05-01 12:38:05'),(97,36,11,'Omnis amet ut delectus dolorem non iusto. Consequatur quibusdam et accusantium aut neque est delectus. Dolore autem distinctio in ducimus commodi.',1,0,'2014-11-29 10:45:37'),(98,12,95,'Est consequatur nihil quo eos quo. Explicabo neque repellat enim cupiditate laudantium ipsam voluptatem ipsam. Deleniti autem sed commodi esse labore ut. Adipisci enim numquam eum et.',1,0,'2011-10-17 10:37:36'),(99,18,87,'Corrupti rem vitae et nisi eligendi. Saepe repudiandae harum eum aperiam. Laboriosam et earum ipsum rem sint. Optio et dignissimos minima officiis.',0,0,'2017-04-08 08:27:05'),(100,40,66,'Aut molestias perferendis dolorem aut suscipit fugit. Necessitatibus pariatur pariatur commodi reprehenderit at corporis. Illum vitae voluptatem saepe. Ad expedita assumenda molestiae iusto.',1,1,'2014-03-25 04:21:35'),(101,30,13,'Eveniet tenetur eveniet repellat sit ipsam est. Quae voluptatem qui quisquam odit dolor. Et omnis id saepe odio quas ab. Autem aut voluptatem eligendi velit consequatur reiciendis voluptate. Non molestias quos in odit.',0,1,'2014-01-08 12:56:52'),(102,81,62,'Necessitatibus est laudantium itaque molestiae enim aut veniam. Sed dolore similique voluptatibus. Temporibus dolor et sed id id tempore. Sit harum molestiae omnis non.',0,0,'2017-04-15 17:02:53'),(103,47,23,'Quaerat qui adipisci iste facere ipsa repellendus. Consectetur natus velit distinctio magnam consequatur culpa nemo reiciendis. Et repudiandae eius ipsa fugiat.',1,1,'2017-12-19 07:05:16'),(104,73,32,'Ab velit perspiciatis dolorem laboriosam autem ipsum. Qui quasi reiciendis quidem quis aut qui esse. Nostrum laboriosam aut odit.',0,1,'2016-03-09 15:25:03'),(105,38,15,'Non voluptates similique fuga. Ut perspiciatis non sunt eligendi possimus aspernatur. Distinctio cum ut aut deserunt. Rerum et aut dignissimos commodi aut.',0,0,'2020-11-08 05:15:11'),(106,24,3,'Reiciendis occaecati repellendus non aut id. Quis veritatis sit consequuntur mollitia rerum deserunt. Facere libero esse quia quia dignissimos. Saepe dolor vitae voluptatem culpa molestiae quaerat.',1,1,'2016-04-05 10:18:45'),(107,51,76,'Et aperiam asperiores fugiat a incidunt deserunt. Tenetur ducimus omnis illum enim ratione aut officia. Numquam modi accusamus illo necessitatibus. Deserunt nihil rerum voluptate atque.',1,1,'2012-09-09 01:25:09'),(108,42,77,'Delectus aspernatur maiores odio. Omnis et aut sed consequatur hic illum modi.',0,0,'2013-05-31 15:17:55'),(109,34,11,'Id velit eos aut unde sequi harum aut. Nihil in earum omnis nesciunt. Recusandae ut asperiores voluptate est aut.',1,0,'2013-04-10 13:49:01'),(110,21,100,'Adipisci eligendi voluptatem molestias omnis quos nihil in alias. Aliquid aut accusamus impedit est iusto excepturi consequuntur omnis.',1,1,'2015-01-26 15:55:52'),(111,20,85,'Incidunt quasi fugiat quo iure repudiandae qui nulla quia. Quis et a laboriosam sunt. Quia totam repudiandae quod quo quia alias.',0,1,'2020-05-11 17:13:30'),(112,61,56,'Laboriosam sed quis recusandae sed dolore. Aliquid ut laudantium culpa veniam ipsum ut eaque. Nihil non sed velit nihil sint saepe.',1,1,'2016-10-09 16:08:28'),(113,95,73,'Reprehenderit iusto assumenda deleniti adipisci eum voluptas. Totam commodi nisi sit quo et quam.',0,0,'2012-07-20 12:38:32'),(114,50,13,'Voluptatem nostrum quasi maxime et. Culpa molestiae molestiae sit ut qui voluptatem perspiciatis. Soluta repellendus tempora quis qui incidunt quod voluptatum velit. Reprehenderit cum commodi enim dolorem.',1,0,'2018-01-28 02:50:19'),(115,59,90,'Officia a ut et iste maxime temporibus. Eaque et rem eos neque ut. Error commodi et similique id.',0,0,'2012-05-08 17:08:10'),(116,78,89,'Aliquam et velit tempore fuga natus. Qui et consectetur laudantium eos. Atque dicta est recusandae sed numquam officia.',1,0,'2017-11-21 05:18:33'),(117,2,58,'Suscipit pariatur in suscipit eius fuga aut. Perferendis quis quos ratione temporibus. Sit maxime itaque non eos tempore cupiditate quia. Quibusdam sequi fugit vel ullam aspernatur omnis.',0,1,'2015-02-10 04:12:30'),(118,50,48,'Ipsa qui eaque et cupiditate. Quos quisquam qui deserunt qui sint praesentium maxime. Est ut mollitia consequatur iste perferendis sequi nulla. Dolores maiores in quibusdam quis.',1,1,'2013-11-19 18:39:41'),(119,80,23,'Voluptas voluptate eos ut. Natus eligendi neque nobis. Sit eaque necessitatibus nihil est. Quia odio aperiam odio omnis atque. Assumenda alias sint repudiandae porro doloremque itaque.',1,1,'2012-08-22 15:41:55'),(120,80,17,'Omnis quo rerum incidunt fuga. Amet temporibus numquam eos illo aliquam illo. Voluptas quia eos consequatur non iusto. Doloribus expedita veritatis necessitatibus quia.',0,1,'2017-10-09 22:18:30'),(121,38,4,'Porro quas et quae in et deleniti magni. Et odio est ea fugiat accusamus quibusdam. Non ex officia eaque sed.',1,0,'2013-05-02 09:01:48'),(122,20,88,'Nemo magni qui quo temporibus tenetur quia. Nostrum necessitatibus ipsam magni nam labore eaque. Earum eveniet autem unde amet quod molestias eos nostrum. Non eaque et sit quibusdam. Voluptatem dolores et temporibus minus.',0,1,'2019-06-07 09:15:26'),(123,79,61,'Occaecati hic voluptas autem culpa error similique. Quam debitis perspiciatis optio quia numquam minus. Iusto recusandae eligendi qui nulla atque. Ab id voluptatem adipisci dolore voluptatibus magni ipsam vitae.',0,1,'2017-12-19 16:37:05'),(124,65,13,'Deleniti enim deleniti deserunt numquam nesciunt illum. Beatae reprehenderit et provident consequatur rem quos quasi qui. Sit tenetur consequatur necessitatibus rem optio dolores doloremque. Consequatur esse modi ut sint.',0,0,'2016-08-22 04:41:01'),(125,72,86,'Quisquam tempora vel cupiditate aliquid distinctio voluptatem enim. Nesciunt corrupti vero excepturi aliquam aut voluptatem beatae. Voluptatem tenetur aut consectetur omnis et ut ab.',1,1,'2019-09-11 13:28:54'),(126,12,92,'Qui accusantium rerum non sed quae nesciunt. Maiores qui ratione totam eligendi. Saepe voluptatibus aut aut et. Et quis neque ut sequi facere beatae. Dolorem omnis quia saepe repellat expedita.',0,1,'2015-08-09 07:50:08'),(127,70,72,'Et nemo error ut corporis et voluptatem. Aut voluptatum voluptatem et consequatur provident dolorem assumenda.',1,0,'2019-07-04 21:38:20'),(128,47,65,'Temporibus explicabo iste sed omnis recusandae exercitationem. Ea officia voluptas voluptas. Fugiat et sequi id tempora assumenda aperiam. In aut maiores est quia ut et.',0,0,'2015-03-27 02:59:49'),(129,45,97,'Illo qui omnis libero et deserunt. Tenetur est odit ullam corrupti ullam maxime ut.',0,0,'2012-04-21 09:24:50'),(130,77,3,'Asperiores accusantium rerum debitis illum. Quia quidem velit perferendis dolores cum enim vel voluptatum. Veritatis aut officiis ullam esse minus sequi amet cum. In expedita consectetur qui aut in reiciendis magnam. Dolorum ullam aut perferendis molestiae occaecati quis.',1,1,'2018-04-16 12:58:52'),(131,86,55,'Dicta explicabo sed qui culpa velit unde temporibus. Quia ullam ducimus quaerat officiis laboriosam voluptatem qui. Aut veritatis provident qui officia rerum. Omnis dolorem ipsam est veniam ad vel sed. Incidunt rerum unde qui omnis.',0,1,'2011-11-02 09:10:25'),(132,91,88,'Vitae voluptatem suscipit molestiae consequatur quia est sit. Assumenda doloremque harum at aut molestias qui asperiores. Et est asperiores fuga occaecati et occaecati dolor.',1,0,'2012-03-15 08:50:02'),(133,12,41,'Ut velit temporibus voluptate laudantium explicabo ipsum. Quo est ipsa tempora dolores corporis unde accusantium.',1,0,'2016-07-05 01:15:16'),(134,36,92,'Quisquam distinctio harum sed qui rerum. Voluptas cum nam explicabo consequatur. Atque quibusdam qui sint architecto.',0,1,'2015-11-09 16:45:01'),(135,63,16,'Et facilis debitis aut accusamus. Voluptas expedita velit delectus quidem quod maiores quod. Natus id est earum. Blanditiis aut fugit consequatur dolore optio rerum libero. Recusandae ut deleniti et occaecati ut perspiciatis exercitationem.',1,1,'2020-10-27 19:26:07'),(136,9,100,'Dicta ipsam quia tenetur excepturi. Qui ea qui et officia id numquam corporis. Ut et ut animi earum. Beatae sit est reprehenderit nobis non eveniet maxime.',1,0,'2019-11-14 04:22:02'),(137,19,28,'Dolor qui impedit et natus incidunt repudiandae expedita. Sint delectus necessitatibus dolores dolore excepturi quia.',0,1,'2020-02-17 06:30:59'),(138,88,98,'Culpa eligendi minima rerum. Fugiat laudantium sequi atque commodi quasi corporis. Quae voluptatibus quia et vel distinctio. Temporibus itaque dolore aut molestias porro commodi.',0,0,'2018-07-08 23:12:35'),(139,89,53,'Aut optio voluptas sit doloremque hic accusamus. Aut vitae id ex sint rerum. Velit et voluptatibus pariatur culpa.',1,0,'2018-04-16 03:31:40'),(140,11,61,'Voluptas tenetur eius vitae aliquid dolore minima. Tempora nulla magnam qui aut deleniti occaecati. Similique voluptate vel ipsum ut.',0,1,'2020-09-07 03:48:51'),(141,38,23,'Quaerat in esse sint aut consequatur quia. Pariatur necessitatibus officia atque laboriosam laborum quisquam ad.',1,0,'2012-11-09 20:12:15'),(142,52,8,'Qui neque occaecati ratione non explicabo. Quia vel porro vitae voluptate sint qui maiores. Velit eos provident iure dolorem.',0,0,'2019-04-09 02:07:23'),(143,95,99,'Nobis autem nulla autem similique fuga sunt. Quo aliquam impedit quia voluptas eaque impedit odio. Omnis quae eius totam et.',0,1,'2015-07-28 05:44:11'),(144,73,39,'Odit fuga qui consequatur qui optio. Tempore dicta aperiam quas eligendi. Hic voluptatem qui quaerat et itaque ut.',0,1,'2013-02-15 23:34:37'),(145,96,50,'Atque aut consequatur et quis qui voluptatem. Dolorem ut repellat quo et. Pariatur at quam amet qui.',1,1,'2014-01-31 01:59:10'),(146,41,82,'Ut ut non perspiciatis sequi. Temporibus incidunt dolores porro. Qui incidunt vitae dolor consequatur rerum. Aut ab est officiis et pariatur sed commodi.',0,1,'2019-06-16 02:34:55'),(147,4,32,'Veniam vero culpa ut eveniet quibusdam totam. Dolor necessitatibus autem est autem in nobis exercitationem. Sint quibusdam quaerat distinctio accusamus nesciunt temporibus eveniet. Explicabo autem quia est assumenda.',0,0,'2018-11-02 03:38:57'),(148,69,16,'Ea quos ipsa deserunt magni et asperiores. Veritatis recusandae soluta a praesentium ut aliquam exercitationem aliquam. Distinctio cum voluptatibus tempore. Reprehenderit molestiae praesentium sit dicta autem commodi.',1,0,'2016-01-29 16:55:32'),(149,72,5,'Vel dignissimos tempore id recusandae ducimus saepe nihil et. Reprehenderit nesciunt est aut qui temporibus rerum recusandae.',1,1,'2021-03-29 23:55:33'),(150,8,35,'Qui omnis eos maxime occaecati voluptatem ad. Illum vitae nobis culpa id maxime. Ea temporibus voluptatem asperiores vel magni sit mollitia aut.',1,1,'2012-03-01 07:08:09'),(151,20,16,'Doloribus consequatur veniam repudiandae dolor repellat qui minus. Modi repellendus sit quibusdam inventore commodi. Ut accusantium tenetur sapiente autem. Et odio ducimus exercitationem ea.',1,0,'2015-04-06 08:37:54'),(152,35,38,'Recusandae tempore omnis voluptas ut. Consequuntur minus atque sit reiciendis. Beatae tempora dolor quia eligendi et aut.',1,1,'2013-09-01 09:43:55'),(153,44,23,'Neque accusamus provident qui praesentium aut. Voluptates minima et molestiae quo cumque. Repellat quia provident et magni facere. Libero sit et delectus molestias fugiat sed.',0,0,'2012-09-25 08:33:57'),(154,36,33,'Facilis a magni debitis voluptates iusto iusto ut et. Eligendi dolor aspernatur quisquam et itaque. Dolor deserunt voluptate alias et sit.',0,1,'2018-12-02 02:37:04'),(155,75,46,'Eligendi in minima voluptas eveniet perferendis molestiae. Voluptatem accusantium eius ea doloribus laboriosam saepe sapiente. Molestiae doloremque est dolorem tempora natus mollitia praesentium incidunt.',1,1,'2016-06-17 13:36:31'),(156,93,13,'Earum sit et nam architecto voluptates possimus. Dolores corporis expedita nisi voluptas. Molestiae eveniet architecto commodi nesciunt modi.',0,1,'2020-12-06 01:20:45'),(157,68,45,'Totam est facere earum vitae. Possimus vel fugiat est. Laborum magni qui et ut nemo ex incidunt. Eius eos voluptas doloribus recusandae neque ipsam cum. Ut qui ut minus mollitia.',0,1,'2016-07-13 07:17:20'),(158,20,62,'Illo provident dolor adipisci libero fuga non quibusdam quas. Quo ut odio ipsum qui.',1,1,'2020-05-14 09:42:03'),(159,44,93,'Vero totam earum non ea velit quia aut dolores. Dolor unde officia dolorum id eaque earum cumque. Rem enim est perferendis. Dolorem aut repudiandae ut accusamus commodi blanditiis.',0,0,'2013-12-01 16:02:40'),(160,100,39,'Odio voluptatem enim assumenda non. Itaque officia vel doloribus dolores accusantium molestias. Magni sed dolorum vel qui. Quis ullam nesciunt et aspernatur tempora.',1,1,'2020-06-12 06:53:13'),(161,43,41,'Ut aperiam animi saepe accusamus dolores. Sit quisquam velit non provident quibusdam harum. Ipsam ut ipsum dolor dignissimos deserunt sunt.',0,0,'2015-11-28 00:47:50'),(162,20,47,'Inventore labore voluptas fuga cum possimus et minima. Quis rerum optio est dicta.',1,1,'2012-05-21 18:16:33'),(163,72,89,'Culpa eum ut provident dolorum facere cum. Officiis similique perspiciatis ad et vitae. Ea inventore mollitia ratione voluptatem quas qui cupiditate sunt.',1,0,'2012-12-11 04:20:55'),(164,63,44,'Ipsum voluptatem id illum dolorum. Accusamus aliquam culpa accusantium quidem.',0,0,'2013-12-31 11:52:08'),(165,93,70,'Unde et praesentium est quo. Iusto suscipit voluptatem nisi nostrum accusantium libero. Occaecati deleniti quis non eos sed dolor sit.',1,1,'2014-05-26 22:10:16'),(166,79,12,'Quo quia iste commodi sunt et quia. Reiciendis aspernatur delectus illo quo aliquid sed. Et aliquid ea ullam corporis fugit. Fuga quis quia et non fugit nostrum fuga. Neque sed occaecati doloribus rerum magni id.',1,0,'2014-09-18 17:07:34'),(167,86,13,'Autem autem ut quis culpa omnis totam. Veniam iure earum temporibus labore ea iusto eius. Blanditiis voluptas ullam fugiat aperiam perspiciatis unde.',1,1,'2012-08-15 14:02:15'),(168,50,30,'Aut esse quasi voluptate voluptates aspernatur. Facilis ut similique autem quia. Vel non consectetur perspiciatis ut libero.',0,1,'2012-07-09 12:14:27'),(169,35,86,'Ipsa porro et esse enim. Et rerum quos esse quas dolorum facere aliquam. Nulla fugit tempora sed magni nihil aliquid consequatur dolores.',0,1,'2011-06-25 20:13:17'),(170,62,10,'Rerum omnis tempore esse dolore ad. Eum perspiciatis quod sed sint. Inventore sit dolorem quis.',0,1,'2015-08-15 13:30:26'),(171,32,54,'Iusto unde quis consequatur. Ipsum libero id vel quis velit. Minima et aliquam est voluptatem eius. Ut nemo voluptatem expedita praesentium sit.',0,1,'2019-11-15 07:10:34'),(172,22,100,'Dignissimos assumenda voluptatem dolorem architecto beatae beatae. Molestiae dignissimos accusamus quis repudiandae ipsam. Ut aut aut ea quos voluptas autem nobis. Laudantium autem facere maxime fuga. Ut soluta nemo et quia officiis atque.',0,0,'2020-12-09 05:34:13'),(173,99,42,'Omnis quos est accusantium qui. Eius magnam voluptatibus occaecati itaque. Consequatur aspernatur autem est facilis aspernatur minima.',0,0,'2011-11-14 13:24:54'),(174,62,42,'Labore suscipit nesciunt consequatur est iusto exercitationem. Necessitatibus asperiores nobis ratione dolores error dignissimos quod dolorum.',0,0,'2013-02-10 03:21:23'),(175,34,61,'Aut commodi molestiae delectus earum. Dolorem necessitatibus totam in voluptatem reiciendis laboriosam. Reprehenderit ea quos voluptates ut iste qui.',1,0,'2011-05-19 07:28:58'),(176,80,76,'Repudiandae dolorem sunt qui nihil est enim. In fugiat voluptas tempore et. Similique velit autem omnis nemo. Cumque amet illo est earum velit.',1,1,'2020-08-02 13:40:00'),(177,2,100,'Aut voluptatum est porro ut consequatur ut porro. Nemo laboriosam vel saepe similique. Voluptas libero deleniti illo reiciendis et quaerat accusantium est. Sapiente quaerat nam maxime accusamus voluptatem voluptas.',0,0,'2016-01-09 00:32:43'),(178,22,74,'Atque fuga perferendis aliquam voluptatem. Deserunt ratione consequatur in quia consequatur. Et et eius quibusdam dolorum. Architecto numquam nostrum qui sequi repudiandae omnis. Odit aut molestiae eveniet consectetur ad odio recusandae similique.',0,1,'2018-12-07 06:13:18'),(179,88,85,'Minus dolorum commodi quas nemo reprehenderit impedit asperiores. Est labore quibusdam placeat saepe et voluptatem accusamus. Rerum eos maxime aperiam quis exercitationem aut inventore voluptatem. Facilis quaerat sunt animi qui earum vel est.',0,0,'2019-06-03 21:43:30'),(180,17,81,'Adipisci qui repellat soluta aliquid. Dicta alias possimus quis provident aut architecto eum. Maiores et eos quia nisi et error consequatur sit.',0,0,'2015-01-06 14:54:02'),(181,54,96,'Velit maiores fugiat et libero enim aut quos. Veritatis voluptatem quia nihil magni modi totam est molestias. Fugit expedita sunt libero consequatur.',1,1,'2012-05-04 06:11:41'),(182,93,40,'Saepe enim ex est. Voluptatem delectus laborum ipsum sed. Ducimus sit quia dolorem accusamus.',0,0,'2018-02-08 17:06:19'),(183,8,43,'Natus sed reiciendis distinctio. Libero est sed et quae. Voluptas nemo est occaecati similique deserunt nihil.',1,1,'2017-10-22 14:20:46'),(184,69,43,'Maxime in rerum dignissimos nulla. Est culpa numquam quas delectus. Et sint quo nihil nihil nostrum adipisci neque. Qui et in et sint magnam consectetur cupiditate.',0,1,'2016-02-01 04:48:31'),(185,28,30,'Autem dolorum et harum cupiditate expedita animi excepturi saepe. Molestiae deserunt sapiente laborum natus quis delectus. Et velit officia cum. Qui debitis nostrum dolorem exercitationem quaerat.',1,1,'2013-09-15 23:58:41'),(186,52,60,'Dolorum sequi est quia est laboriosam nihil. Ut possimus iure sunt non. Consectetur et totam voluptate nihil.',1,1,'2012-09-22 12:09:04'),(187,84,74,'Inventore accusamus nemo corporis nobis. Aut incidunt nihil et perspiciatis. Harum omnis harum maxime sed facere dolorem vel.',0,0,'2013-09-03 03:42:32'),(188,59,82,'Doloribus excepturi dolorem nam et non cupiditate quo. Nihil reprehenderit autem in quia. Nobis dicta nisi tenetur quas cumque. Et totam et tempora.',0,1,'2012-09-17 07:46:13'),(189,15,20,'Dolorum velit et ullam vel. Et reiciendis hic ipsum itaque tenetur accusamus. Rerum consequatur quia sint repellendus. Deleniti modi nam non praesentium dolores nulla.',0,1,'2013-12-26 15:30:45'),(190,23,49,'Molestias saepe totam totam aliquam natus in consectetur non. Fugiat fugiat quibusdam eius impedit. Nam temporibus est rerum. Culpa molestias enim labore.',0,1,'2017-07-24 12:03:45'),(191,81,3,'Minima numquam distinctio autem est. Iure dolor cupiditate delectus.',1,0,'2021-03-01 06:09:35'),(192,25,82,'Ex rem sit eaque similique aut velit nesciunt. Similique nihil et autem at in pariatur voluptatem. Dolore id porro fugit cumque ipsam fuga quaerat consequatur. Est et possimus eum incidunt ad voluptatem iure.',0,1,'2020-01-24 20:56:14'),(193,3,47,'Consectetur fugit unde et provident sunt qui. Est enim in dolorum repudiandae rerum eligendi. Soluta omnis rerum accusamus aperiam.',1,0,'2014-11-20 14:57:57'),(194,55,91,'Quas aut rem animi labore. Quaerat quisquam et suscipit esse sit quis. Aspernatur rerum in id rerum.',0,1,'2015-11-14 01:36:09'),(195,31,72,'Fuga et sed occaecati minus et repellat. Debitis vero quibusdam animi assumenda. Laborum placeat sed deserunt similique numquam. Sed blanditiis repellendus voluptatem laboriosam corporis.',0,1,'2015-03-30 02:47:46'),(196,71,84,'Quia molestiae voluptatem omnis vel. Mollitia minima et quia est. Voluptatum et possimus dolorem. Consequatur adipisci eos tempore quaerat.',0,0,'2014-05-11 11:48:30'),(197,68,63,'Quia ea quia nobis excepturi neque ea non. Porro placeat ipsa et doloremque voluptas quae dolor. Molestiae repudiandae alias sunt eaque incidunt blanditiis repellendus. Earum illo laudantium harum sit.',1,1,'2018-12-27 09:25:35'),(198,24,75,'Natus quos consequatur voluptas ea odit. Aliquid quo fuga et et exercitationem. Sint sed quia sunt eaque autem quisquam sit. Ea est rerum atque sequi neque.',1,1,'2012-02-28 13:04:28'),(199,6,92,'Ipsum neque deleniti earum ad in sunt tenetur. Distinctio similique qui voluptates nam. Aliquam at omnis et vitae omnis ut dolorem.',0,1,'2016-05-13 17:45:09'),(200,18,34,'Ipsa aspernatur voluptatem pariatur iusto dolores rem. Autem dolores est aut totam. Quas dolor nihil aliquam ea ipsa.',1,1,'2012-05-25 19:58:24'),(201,22,70,'Fuga consequatur dolores quasi et velit ea. Itaque magni in ea quisquam doloribus labore ex est. Enim quas dolor laborum id.',0,0,'2016-12-26 15:04:18'),(202,93,6,'Et repudiandae qui magnam quaerat molestiae. Id ratione omnis nihil ex consectetur at nihil. Cum provident sunt perferendis libero sit omnis aut. Suscipit vel nihil error et.',1,1,'2017-05-11 07:13:32'),(203,43,51,'Tenetur error occaecati et ipsa consequatur alias accusamus quibusdam. Sit voluptatem voluptatem tempore aperiam sed fugit vel voluptatem. Aut blanditiis commodi eaque quam qui non natus. Et et beatae recusandae aut nemo delectus.',1,1,'2016-01-22 11:47:02'),(204,87,58,'Consectetur a eum atque voluptatem facere nihil autem. Cum repellendus non tempora necessitatibus. Perferendis eos assumenda voluptatibus quis voluptas. Vitae doloremque qui excepturi recusandae. Veritatis enim non dolores voluptatibus.',0,1,'2020-02-16 16:33:29'),(205,70,10,'Voluptas consequuntur dolorum sed voluptatem omnis consequatur quia. Ad cumque ut dicta esse qui adipisci. A officiis sunt deserunt architecto dignissimos.',0,1,'2019-12-16 18:14:39'),(206,6,50,'Dignissimos aut sit sit sit ut. Est voluptatem pariatur illum illum.',1,1,'2014-12-29 12:35:06'),(207,13,31,'Dicta dolorem velit explicabo. A exercitationem enim dolore autem magni sit. Et excepturi veniam enim sed id explicabo. Voluptatem rem voluptate omnis inventore eos quibusdam quis.',0,0,'2013-02-10 14:18:24'),(208,32,15,'Esse quidem voluptas totam non nihil nihil ipsam. Nihil numquam facilis sed eligendi vitae debitis tempore. Voluptatum doloremque aut qui natus eligendi assumenda omnis. Sed nostrum itaque accusantium totam.',0,0,'2020-07-18 01:33:35'),(209,77,87,'Saepe iusto nemo similique deserunt ullam. Omnis maxime iste qui rerum. Corrupti porro voluptates rerum voluptatem. Soluta corrupti cum est aut corporis at non.',1,0,'2014-09-21 18:05:43'),(210,5,7,'Ipsum quia a est voluptatem omnis harum assumenda. Id voluptatem omnis ut occaecati. Temporibus veritatis quo quod eos consequatur error sunt. Libero fugiat rerum aut quidem et.',1,0,'2020-03-21 13:15:35'),(211,59,75,'Voluptatem neque dolor velit a nobis esse delectus. Rerum voluptas placeat id dolorum repudiandae adipisci similique. Tempora a pariatur tempore quae.',0,1,'2019-05-24 05:00:04'),(212,91,26,'Corporis ut ipsa culpa ea exercitationem voluptatum. Nihil necessitatibus et dolor adipisci ipsa. Qui officia error officia laborum eos. Quisquam quia ducimus nulla. Recusandae ratione rerum inventore.',0,1,'2017-01-17 00:18:18'),(213,38,14,'Sit et est temporibus non. Et exercitationem libero molestias consequatur aperiam consequatur. Dolor ea vero voluptas sit nisi fugiat consequatur nam. Consequuntur occaecati aliquid quasi quibusdam asperiores et.',0,0,'2018-10-30 09:23:35'),(214,1,44,'Est iusto tempora aut corrupti corrupti iusto nihil. Doloremque non laborum quaerat animi. Vitae enim reiciendis architecto aspernatur libero consequuntur omnis. Ducimus alias eum sed iste.',1,1,'2015-01-12 15:14:24'),(215,6,18,'Dolore reiciendis est quae ut dolorem unde cupiditate recusandae. Modi totam labore libero fugit recusandae. Velit labore eos aut soluta occaecati consectetur odit quaerat. Exercitationem praesentium animi voluptas vero voluptatem.',1,1,'2019-07-30 22:03:05'),(216,77,28,'Et culpa animi in et magnam. Dolorem ab quae voluptates ea magnam tempore. Sit dolor aut culpa nesciunt. Eligendi voluptatem animi exercitationem dolorem ex.',0,1,'2016-08-25 00:01:04'),(217,88,69,'Qui sed quo nesciunt quis. Non fuga ad qui aut.',0,0,'2011-08-12 21:05:26'),(218,33,31,'Sed quaerat omnis voluptatibus commodi nobis aut quae qui. Beatae enim possimus nihil dolor eum aliquam debitis. Qui quos quidem et sit consequatur qui.',1,1,'2014-09-09 14:08:57'),(219,19,19,'Reprehenderit quo rerum sunt voluptatem totam ratione. Esse velit in maiores reiciendis in. Voluptatem quod ad ex consequatur. Quidem laborum est ut.',1,1,'2016-08-22 00:54:38'),(220,88,89,'Non neque iusto eius facere consectetur laboriosam architecto. A animi et est voluptas nam perferendis quas quisquam. Labore dicta nisi incidunt facilis inventore. Rerum eligendi quidem explicabo.',1,0,'2015-01-09 02:24:04'),(221,29,94,'Doloribus voluptatum quia neque neque molestiae tempora quia. Doloremque eaque eius sit qui enim ut aliquam. Nihil laborum voluptatibus eveniet voluptate nisi sint. Dolorem eveniet voluptatem blanditiis est.',0,0,'2019-08-07 15:22:11'),(222,39,41,'Iure natus maiores beatae officiis libero fugit libero cum. Blanditiis quo rerum et qui. Earum autem enim vel. Quisquam praesentium est consequatur aut delectus. Culpa doloribus aut quia eaque.',1,0,'2016-08-08 16:42:00'),(223,24,70,'Doloremque aut iste tempore eos. Aspernatur ut necessitatibus rem et quod rerum. Omnis suscipit voluptate consequatur sint repellat et totam. Odit sit iusto ipsum. Delectus voluptatem sequi sit id amet et dolorem.',0,1,'2014-08-30 02:51:26'),(224,56,100,'Id omnis assumenda fugit quis et voluptatem optio. Incidunt non sapiente impedit culpa sit. Non suscipit nesciunt qui aspernatur exercitationem eum officiis.',0,1,'2018-03-24 20:36:19'),(225,57,60,'Illo qui aut minus nisi quidem officiis. Rerum eius perspiciatis blanditiis beatae dignissimos error suscipit. Consequatur soluta quia temporibus delectus animi quo hic corporis.',0,0,'2019-05-27 10:01:43'),(226,7,15,'Voluptatem sit possimus consequuntur eum eius optio. Dolorem sed excepturi velit ipsam accusamus asperiores. Magni dolorem consequatur sit culpa. Ex quas soluta officia quisquam aut.',1,1,'2012-03-01 05:25:26'),(227,35,97,'Dolor similique id eligendi ipsa sequi. Optio sint quisquam dolore asperiores id. Velit quas omnis est qui.',1,1,'2013-09-26 21:56:43'),(228,40,73,'Magnam minima sit aspernatur provident numquam distinctio labore. Expedita sequi cumque est alias qui.',1,0,'2011-08-25 00:31:31'),(229,11,40,'Optio impedit ducimus et commodi minus mollitia. Voluptatem qui in debitis quibusdam. Rerum non praesentium quos enim sit quia dolore. Voluptatum qui blanditiis ea sint.',1,0,'2020-10-27 09:12:11'),(230,16,17,'Eaque assumenda voluptatem voluptate occaecati sunt. Dolores esse officiis occaecati at eligendi modi illum. Aut ea exercitationem debitis minima maiores autem et. Perspiciatis non ea qui enim deleniti.',1,1,'2014-11-17 21:13:49'),(231,58,92,'Reiciendis perferendis neque officiis excepturi consequatur rem aliquam odio. Hic consequatur doloribus ullam nesciunt. Rem earum eius recusandae excepturi accusantium vero quis quia.',0,1,'2019-04-20 14:42:13'),(232,44,46,'Veritatis in architecto neque provident soluta natus. Necessitatibus distinctio velit ipsam assumenda quod maxime.',0,1,'2016-03-29 10:21:17'),(233,61,76,'Quo saepe saepe sit commodi qui fugit. Ea aliquam aliquid magnam ipsa corporis commodi sequi ducimus. Nihil nobis nam nemo sunt.',0,0,'2017-06-22 11:47:52'),(234,76,80,'Non quia doloremque asperiores accusamus unde. Assumenda consequatur qui minus aliquam totam dolorum est. Doloribus aperiam vero ut voluptatem rerum velit eos. Omnis et provident totam quam necessitatibus pariatur quo blanditiis. Tempore labore in voluptatem aut.',0,1,'2020-06-08 07:25:25'),(235,95,63,'Magnam quod consequuntur et molestias iusto ratione ad esse. Est hic perspiciatis qui explicabo nobis sed. Ex quas facere autem expedita ut maiores.',0,1,'2015-12-26 05:24:44'),(236,68,24,'Quia hic in ratione quas dolorem dolor aut. Vel sint possimus qui numquam et ut qui. Optio sit qui necessitatibus non excepturi deleniti. Sed debitis quo porro adipisci sed.',1,0,'2019-11-06 10:31:31'),(237,57,7,'Molestiae incidunt inventore iste ut aperiam reiciendis. Quia fuga necessitatibus veniam. Deleniti provident itaque illum commodi error natus. Voluptas qui officia vel fuga autem nisi.',1,0,'2014-06-11 02:58:40'),(238,64,80,'Sunt corporis dolores error sit facere. Modi omnis et laudantium necessitatibus. Fugiat cum veritatis magni id modi.',0,1,'2013-09-11 07:48:47'),(239,77,19,'Aspernatur ut nemo a adipisci sed quas. Voluptatem quis provident doloremque corrupti corrupti dicta. Rerum deleniti vel voluptatum est nobis.',1,1,'2016-02-18 15:22:09'),(240,80,33,'Temporibus ut fugit eum tempore. Quo eum soluta officia recusandae quibusdam ea cupiditate.',1,1,'2013-12-09 07:58:07'),(241,79,86,'Quis accusantium consequatur iusto sint non. Amet est quis optio dolore id. Voluptatem optio aut est porro. Magnam aut voluptas repudiandae molestiae doloribus consequuntur et voluptates.',0,1,'2018-08-18 15:36:00'),(242,48,13,'Dicta ipsum dolor ullam eveniet vitae. Molestiae mollitia quae et. Est cum id minima blanditiis. Fugiat quo similique non corporis ea.',0,1,'2014-07-13 22:09:07'),(243,83,87,'Ratione vel et omnis ipsam voluptatem qui. Labore voluptate in sit incidunt.',1,1,'2018-06-28 10:25:48'),(244,85,94,'Ipsum fuga sit cupiditate rem quo hic. Quisquam quod nihil architecto architecto accusamus est. Dolor saepe pariatur quia distinctio non quia.',1,0,'2020-11-23 08:33:31'),(245,27,1,'Autem labore ut non cumque incidunt expedita necessitatibus. Et sit alias quam quos atque accusamus quis veritatis.',1,1,'2018-04-28 01:31:28'),(246,10,84,'Quod voluptas ipsum voluptas sequi. Dolorem iusto praesentium earum omnis commodi neque numquam. Minima quis quam suscipit quae aspernatur consequatur.',1,1,'2013-11-25 10:00:52'),(247,93,53,'Quia quae ullam deserunt qui at. Distinctio vel necessitatibus numquam sit molestiae omnis. Autem et qui corporis et adipisci. Minima rerum aut vel voluptas fugit.',1,0,'2016-11-27 13:13:22'),(248,29,53,'Dignissimos laudantium illo a officia voluptatem ratione. Dicta qui voluptas dolores et autem in. Aliquam qui odit totam quia aut beatae quis.',0,0,'2015-10-10 16:08:31'),(249,29,5,'Qui esse minima quis cum voluptatibus officia. Sint sed est voluptas neque non magni earum enim. Nesciunt eum sit et nam cupiditate perspiciatis. Similique nobis repudiandae beatae delectus adipisci consequatur.',0,1,'2016-10-21 04:58:55'),(250,32,24,'Iste pariatur unde eius ut. Aliquam in nemo voluptate odio odio. Architecto impedit est mollitia porro corporis quis vitae tempore. Et at rerum rerum dignissimos quae.',0,0,'2011-08-09 07:34:07'),(251,68,100,'Est repellat qui rerum dolorum ut sint quasi. Ut placeat minus cupiditate ut aut voluptate officia. Perferendis quia illo dignissimos quia. Dignissimos voluptatibus velit aut vel blanditiis maiores.',1,0,'2015-02-07 10:31:48'),(252,47,24,'Perspiciatis at debitis quidem molestiae. Et libero ex alias eligendi vitae ut. Quia adipisci sint sunt culpa voluptatem ipsam.',0,1,'2016-07-19 02:36:19'),(253,6,11,'A nam vitae voluptatem odit consequatur amet. Consequatur dolore ut quia consequatur.',0,0,'2016-09-05 17:44:46'),(254,4,83,'Quis a libero dicta tempore. Eum sint aspernatur libero. Et voluptas fugiat voluptatibus saepe veritatis magnam dicta. Est ut rerum voluptas aut eos.',1,0,'2014-06-18 06:12:53'),(255,29,83,'Ipsam labore molestias eaque ut. Officia dolor ea qui maxime quaerat. Nemo totam nulla qui consequatur.',0,0,'2019-11-30 07:57:35'),(256,15,8,'Voluptas non harum explicabo nobis. Blanditiis voluptatem repudiandae doloribus culpa harum et voluptatibus. Corporis totam tempora qui eveniet. Et at esse non non dolores numquam.',1,1,'2021-01-03 00:42:52'),(257,69,62,'Et rerum ad cum temporibus. Necessitatibus distinctio corporis praesentium. Distinctio dolorum voluptatem blanditiis et consequatur.',1,0,'2019-03-18 10:01:43'),(258,20,52,'Nihil non culpa pariatur sapiente. Pariatur eum animi ut quae et consequatur.',0,1,'2014-01-16 15:07:16'),(259,49,5,'Quisquam enim quia ducimus. Rerum occaecati tenetur officiis saepe eligendi cum est.',1,0,'2012-01-16 17:57:33'),(260,45,75,'Culpa quos nisi nemo sint mollitia accusantium pariatur. Minus necessitatibus veritatis sint est quia fugit minima. Dolor cum sint voluptatem ea itaque earum aut architecto.',0,0,'2016-11-12 19:41:51'),(261,6,55,'Asperiores iusto voluptatem sequi ea. Inventore ea qui nisi quis sapiente velit soluta. Accusantium est sed assumenda eum.',1,0,'2013-04-18 20:08:36'),(262,59,98,'Est dolor eum et cum ut non. Id vitae odio alias ipsum. Reiciendis totam officiis rerum sed ex.',0,1,'2016-10-14 21:46:18'),(263,8,88,'Ut ipsa et et labore. Ut ex laboriosam cumque atque aliquam at veniam. Natus aut qui deleniti quam cupiditate aut est.',0,1,'2012-03-20 16:18:32'),(264,51,36,'Esse tempore vitae asperiores in dolorem fugit. Velit accusamus saepe aut dicta. Et voluptatum nihil alias. Dolores asperiores ut ut impedit.',1,0,'2021-02-03 11:09:03'),(265,92,82,'Vitae accusantium molestias eos. Vero possimus beatae dolores dignissimos sunt sapiente. Magnam reiciendis nesciunt unde iste id quam provident.',0,0,'2011-10-06 04:20:30'),(266,60,59,'Et vitae soluta sit eos asperiores. Reiciendis maiores architecto recusandae hic qui nihil fuga. Sunt nobis numquam dolor asperiores quod sint. Hic sequi eos sint maiores consectetur. Incidunt nisi dolor itaque deserunt autem.',0,0,'2011-08-26 19:37:47'),(267,82,6,'Adipisci perferendis officia aut consequatur. Natus et qui fugit aliquid quisquam molestias. Incidunt rerum nesciunt vitae nihil facere quo. Qui architecto est quod placeat dolorum maiores.',1,0,'2015-11-10 13:48:34'),(268,83,88,'Repellendus sed earum eos est eligendi veritatis voluptatem. Optio pariatur ut quia ipsa nesciunt dolores. Commodi officiis ea non porro sunt. Nisi et consectetur necessitatibus id praesentium quia ipsam.',1,1,'2013-09-01 11:21:40'),(269,16,86,'Non rerum sed deserunt nam ratione quasi sunt. Est at odio eos pariatur voluptatem omnis amet veritatis. Fugiat porro et non atque.',1,1,'2013-11-27 05:02:32'),(270,70,45,'Consequatur repudiandae libero voluptas. Necessitatibus ea necessitatibus eum et. Sint necessitatibus aut atque omnis voluptatem. Et recusandae consequatur voluptatem.',0,1,'2020-04-27 22:18:30'),(271,69,85,'Quisquam tenetur adipisci laborum perspiciatis voluptatem harum. Ea quia repudiandae aspernatur reiciendis blanditiis sunt dicta magni. Rem non labore et numquam perspiciatis. Consequatur deleniti id cupiditate unde natus dolorem repudiandae.',1,0,'2021-02-11 21:45:37'),(272,52,38,'Quibusdam ex consequuntur harum dolores. Unde ut libero optio voluptate illum numquam. Veniam nihil ipsa in est assumenda rerum qui. Doloremque sit voluptatem amet consectetur voluptates ipsam.',0,0,'2017-12-10 20:29:55'),(273,47,72,'Voluptatem minima iure sunt voluptate commodi. Id sed sunt ab ex et asperiores. Ab nihil quia voluptatem aut. Nisi sunt ea voluptas enim.',1,0,'2021-04-03 05:36:19'),(274,90,95,'Error libero ducimus quis illo aut quia. Earum eos id qui blanditiis sit reprehenderit temporibus. Odit recusandae cumque velit natus ea illum cumque.',1,1,'2018-04-07 08:27:29'),(275,77,34,'Ipsa error alias numquam atque molestiae in et doloribus. Rem nihil at fugit et et quis est. Libero dolorem quia ratione architecto excepturi. Itaque eius voluptatum saepe rerum in sed qui.',0,1,'2011-04-17 11:26:12'),(276,70,82,'Doloremque quos natus nihil nam qui tempore animi delectus. A enim error possimus ut aut distinctio sit. Sit est incidunt nam debitis quis sit optio. Deserunt molestiae doloremque magnam modi.',1,0,'2017-05-03 01:29:51'),(277,88,28,'Qui et animi impedit non est minus ratione. Qui quia necessitatibus suscipit iure illum magnam. Facilis aperiam dolorem atque ab laborum omnis sint.',1,0,'2018-10-25 15:39:34'),(278,79,95,'Nostrum deserunt sapiente molestiae sunt repellat. Vel a suscipit consequatur vero. Error voluptatum est suscipit ad quo facilis facere laudantium. Nulla tempora fugiat debitis ut sed repudiandae ipsum sunt. Et rerum ut provident repellat qui id est.',1,1,'2016-02-15 06:19:59'),(279,16,29,'Consequatur placeat dignissimos sed. Sint soluta atque facere similique dolorem non non debitis. Dolorem a distinctio quia commodi vel. Accusantium voluptates inventore aut deserunt esse ut unde culpa.',0,0,'2019-11-10 17:14:12'),(280,31,8,'Impedit dolorum eveniet enim quibusdam eligendi. Quia tenetur in aliquid atque suscipit pariatur.',0,1,'2012-12-12 19:44:28'),(281,11,90,'Veritatis vel tempore placeat cumque dolor. Voluptatem beatae accusantium maxime. Repellat optio quisquam omnis exercitationem. Qui laudantium corporis nihil hic unde.',1,0,'2020-05-16 05:54:49'),(282,67,93,'Autem quia omnis quasi natus. Tempora et sit suscipit est. Dolor nostrum libero ut odio enim quis. Laboriosam adipisci sint optio tempore.',1,0,'2020-10-29 10:21:15'),(283,96,49,'Aut repudiandae consequatur magni dolore adipisci. Ipsa est repellat aliquid.',1,1,'2019-10-03 10:11:59'),(284,80,11,'Rerum consectetur deleniti explicabo sed voluptates eligendi. Et commodi dolor labore recusandae sint. Repellendus hic numquam praesentium iusto sit. Nostrum rerum non nemo et et.',1,0,'2014-10-23 16:26:55'),(285,35,50,'Veniam voluptatem fugiat quos qui consequatur a. Et minima iure magni. Libero expedita quam perspiciatis et dolorum tenetur.',1,1,'2016-05-09 14:45:33'),(286,56,4,'Aut asperiores iusto dolores non ipsam. Voluptate maxime sit et quo. Delectus officia illo ducimus quo quod optio. Maiores est possimus dolor doloribus est qui.',1,1,'2015-06-18 02:23:12'),(287,34,8,'Eveniet ratione molestiae magnam incidunt. Sunt explicabo velit veniam. Perferendis ex temporibus eius iste.',0,1,'2013-01-18 23:16:59'),(288,42,80,'Quaerat non doloribus odit autem necessitatibus non. Eum dicta optio iure explicabo. Nam quidem nobis non occaecati ut nemo.',0,1,'2019-11-01 16:00:50'),(289,79,31,'Officiis nemo ea sapiente et occaecati quasi voluptatibus. Sint fugiat ut sunt cumque voluptas eum. Et sed exercitationem ullam quod repudiandae consequuntur quam et.',0,0,'2015-04-11 17:34:10'),(290,75,55,'Quibusdam laudantium voluptas labore quod id cumque. Minima exercitationem distinctio quia delectus in. Ex delectus dolorem ullam qui illum accusantium nihil. Ut placeat neque nisi eos ut.',1,1,'2011-12-05 10:56:44'),(291,64,44,'Sint nisi aut voluptatem adipisci est molestiae repellendus. Quibusdam et dolores at assumenda quam eos cumque. Nostrum rerum eveniet numquam recusandae nihil et. Cumque aut excepturi beatae quibusdam consequuntur eum. Tempore aut sint enim sunt.',1,1,'2019-10-06 23:08:46'),(292,37,52,'Repellat dolor rem omnis perferendis. Deserunt id aut excepturi eos unde. Totam laborum commodi iste perferendis et.',0,0,'2014-03-03 17:46:40'),(293,72,16,'Quae doloremque voluptates et numquam et. Et eum deserunt fugiat minus placeat aut. Eaque consequatur soluta vel accusamus totam voluptatem.',0,1,'2018-08-22 21:11:23'),(294,47,87,'Et nulla voluptatibus tempora. Quo deleniti quibusdam occaecati facere. Ea in consequuntur porro deleniti cupiditate eius.',1,1,'2013-05-09 16:12:00'),(295,45,78,'Asperiores repellat molestiae molestias facilis voluptate exercitationem dicta. In maxime beatae et eius exercitationem aut consequatur. Est molestiae quibusdam repellat voluptas iure consequatur.',1,1,'2016-11-09 07:21:49'),(296,94,55,'Nobis nostrum facere porro. Eum culpa quam ea. Perspiciatis voluptatibus praesentium quibusdam illo est iusto beatae.',1,1,'2017-05-01 21:24:28'),(297,68,60,'Ut eaque velit sed corrupti nesciunt et. Voluptatem vel aspernatur aliquid tempore et sit accusantium. Qui est sit consectetur perspiciatis incidunt voluptate aut qui. Et pariatur itaque eum qui rerum numquam modi reprehenderit.',0,1,'2012-08-01 05:30:35'),(298,48,63,'Et ut autem voluptatum. Repudiandae eius odit temporibus eveniet placeat tempora. Nulla nemo nihil quos ad mollitia cumque.',0,0,'2013-02-05 00:04:26'),(299,9,27,'Nulla non et voluptas. Ipsum dolorem repudiandae tempore dolor. Harum officia harum nihil aspernatur. Eum laboriosam autem animi non libero aut et.',1,0,'2017-04-07 08:51:52'),(300,74,43,'Alias voluptas a sed consectetur dicta voluptatem omnis. Aut enim sed id.',0,1,'2014-08-17 08:30:41'),(301,76,29,'Dolor iure quam dolorum consectetur quia. Repellendus harum et voluptatem sed voluptatibus dolores quam quae. Omnis sunt ut perspiciatis magnam labore est. Non labore veritatis laborum.',1,0,'2012-10-07 13:45:01'),(302,47,9,'Minima voluptas ipsa fugiat et ut doloribus. Laudantium sequi sit aut aut.',0,0,'2019-09-15 06:02:11'),(303,36,88,'Vel aut vel et deserunt. Ut temporibus at quisquam omnis. Aliquam quas et molestiae sint cumque ut quidem. Error quis quia dolorem aliquid ipsa nulla non.',0,1,'2015-10-09 13:48:22'),(304,89,15,'Enim sit cum accusantium sapiente. Dicta id dolor voluptatem natus. Architecto molestiae aperiam quis aut porro.',0,1,'2013-04-20 10:46:50'),(305,18,63,'Alias tempore ipsam aliquid est rerum temporibus. Nisi nihil alias consequatur ullam modi aspernatur. Porro sit at omnis eligendi magnam.',1,1,'2013-01-20 19:17:42'),(306,70,82,'Ea dolorem ad aut numquam exercitationem. Hic qui dolorem laboriosam. Ab explicabo aut aut repudiandae id aperiam soluta.',0,1,'2012-12-06 19:24:39'),(307,6,6,'Provident aliquam ea voluptatem fuga dolore doloremque magnam. Tempora libero atque nulla cum sint. Officia dolorem qui adipisci. Eum dolorum qui provident hic qui amet. Eveniet modi tempore ut repudiandae eos et voluptas.',1,0,'2011-10-15 15:46:23'),(308,34,77,'Hic non et laboriosam. Provident qui ullam fugiat. Voluptas ratione quod quos.',1,1,'2019-03-05 12:29:34'),(309,21,80,'Eum nostrum distinctio vel rem dolores voluptatibus eum. Temporibus et et incidunt a qui enim animi. Consequuntur enim perspiciatis maiores sed odio ducimus. Quia cupiditate id sunt itaque ea expedita nam.',1,1,'2014-11-24 14:27:05'),(310,64,66,'Aut velit est accusamus illo. Necessitatibus maxime iure sequi doloremque eum. Aut consequuntur aliquid ut rem.',1,0,'2012-07-21 13:43:58'),(311,57,58,'Quidem possimus ratione pariatur qui ea quia ipsa. Odio quos ab repellendus iusto qui aliquid.',1,1,'2014-01-22 17:30:36'),(312,21,25,'Asperiores aut et ut praesentium voluptas consequuntur. Qui molestias quaerat ducimus.',1,1,'2015-12-11 20:57:59'),(313,17,68,'Voluptates asperiores velit labore eum ut qui. Officia inventore esse nobis. Ut natus ut dicta et. Et et reprehenderit earum voluptate.',0,0,'2019-01-28 17:41:34'),(314,87,26,'Officiis aspernatur ut assumenda enim corrupti veritatis quibusdam corporis. Dolor vero ut architecto dolores. Non magnam error atque quod voluptatem quos sint. Ut dicta et eaque quae accusantium consequatur et. Distinctio dicta sed dolor hic dolores provident sed.',0,1,'2017-01-06 05:26:30'),(315,94,60,'Id eligendi qui rem molestiae est. Dicta facere itaque voluptatem. Voluptatibus provident illo sint molestias illo magnam.',0,0,'2013-03-17 04:00:06'),(316,68,70,'Rerum ut sint harum quod quis repellendus nobis. Voluptas rerum dolorem non qui sed libero deserunt. Eos voluptatum consequatur voluptatem autem molestiae reprehenderit omnis.',0,1,'2017-08-01 02:34:00'),(317,89,15,'Accusamus consectetur voluptas rerum tenetur sunt accusantium. Sed consectetur ut et natus. Doloremque provident atque autem. Nulla dolorum eos labore.',0,0,'2012-07-30 19:34:28'),(318,79,25,'Minus officiis et cupiditate quia eveniet. Maiores doloribus velit odio voluptas. Ut sed nihil aperiam doloremque voluptatem consequatur. Officia dolorum quibusdam deleniti quo.',0,0,'2011-11-11 00:53:44'),(319,2,67,'Occaecati est rerum ullam atque asperiores. Cumque velit voluptatem facere quidem. Minima soluta temporibus animi nobis quam aut labore.',1,1,'2012-02-03 10:05:04'),(320,39,19,'Sunt quis sit ad quo. Cupiditate eius eos soluta eius vel sed voluptatem. Consequatur iste quidem molestiae. Vero quia quo sint ipsa dolorem harum placeat. Impedit reprehenderit est aut velit quo omnis qui.',1,1,'2012-06-25 16:12:43'),(321,29,9,'Sunt voluptas esse non eius maxime. Fugiat minus eum sint ut. Repellat repudiandae facilis qui aut iure sed inventore. Id adipisci rerum non similique.',1,0,'2015-12-08 05:42:44'),(322,1,35,'Quos ab at temporibus deleniti soluta. Necessitatibus sunt cupiditate eos mollitia necessitatibus. Dolorem et odio rem nostrum est ipsa.',1,0,'2019-11-11 08:02:41'),(323,14,34,'Autem iste ut quidem odio iure at minus. Nesciunt fugiat in et. Ut quo at dolore possimus cum unde. Quia unde consequatur in dolorem.',0,1,'2020-03-01 15:05:37'),(324,12,35,'Et et suscipit ut velit qui dolores delectus sunt. Earum iste ut deserunt expedita expedita fugiat. Quidem aut provident et rerum.',0,1,'2013-07-17 13:17:52'),(325,13,75,'Sunt quia ut quia. Blanditiis et esse totam vitae natus aut. Ut ratione sapiente neque veniam. Magnam facere voluptas autem aspernatur. Sit eligendi quis voluptas enim quaerat amet.',1,1,'2017-05-02 02:46:48'),(326,100,70,'Quia et sed iusto rem. Nihil molestiae vero laudantium dolores id voluptatem. Sed minima sed quia possimus sapiente ipsa eos.',0,0,'2013-08-14 16:33:08'),(327,33,20,'Qui est voluptate rerum non illo libero. Sequi magni inventore adipisci eum nihil. Quidem rerum sit aspernatur ut.',1,1,'2014-06-17 12:02:43'),(328,94,50,'Ut id ducimus commodi rerum pariatur magni voluptas. Quia occaecati iure suscipit. Explicabo et vel fugiat consectetur eos itaque. Consequatur labore nam explicabo molestiae placeat.',0,0,'2016-03-18 17:32:47'),(329,88,81,'Quidem quia quia exercitationem quia inventore voluptas odio. Perspiciatis sequi dicta et voluptatem perspiciatis sint ut. Culpa modi sint et porro delectus beatae. Omnis perspiciatis ea et veniam enim veniam culpa.',0,0,'2020-12-12 12:17:24'),(330,75,81,'Nihil ipsa amet animi. Officiis iusto sunt eaque nihil id eligendi. Illum dolorem quidem at libero accusamus culpa. Delectus ex ipsam ut officiis animi maxime.',1,0,'2016-02-24 11:14:23'),(331,40,43,'Sit sed nesciunt fuga et voluptatibus. Non veniam repudiandae et et possimus ut. Voluptatem ipsa voluptates quas culpa quia.',1,1,'2019-03-22 23:35:45'),(332,51,28,'Laborum dolor doloremque optio aspernatur qui exercitationem. Id sunt incidunt perferendis et tempora ea. Neque voluptas et eum rerum. Et illum eos dolores reiciendis aut rerum.',0,1,'2020-12-10 06:35:17'),(333,57,29,'Enim nemo sint aut cumque odio facere non. Eum sunt earum qui placeat porro tenetur. Voluptates voluptas quas soluta eum.',0,1,'2014-07-03 10:31:35'),(334,52,58,'Ut natus voluptatem aliquam dolores cumque facere. Sunt autem rerum corrupti provident. Voluptas veritatis labore eos aut nihil omnis quia. Quae est nisi facere neque dolor consequatur qui.',0,1,'2019-09-07 06:36:11'),(335,95,91,'Sed sed cumque quia quia qui velit. Fuga maiores quisquam architecto. Deserunt consectetur aut cumque sunt aperiam voluptates aut.',0,1,'2019-07-29 04:33:29'),(336,77,24,'Sed sunt asperiores magnam provident. Animi impedit sint velit error. Asperiores aut consequatur laborum id.',0,1,'2012-03-21 12:40:25'),(337,99,77,'Possimus ab porro sunt iusto. Reprehenderit aliquid eos voluptas tempore quia aspernatur. Magni eius commodi earum veritatis iure rerum sit. Tenetur incidunt est inventore mollitia ex qui reprehenderit.',1,1,'2015-03-15 02:19:46'),(338,59,13,'Et cumque laboriosam ut. Corporis tenetur sed ut aliquam.',0,0,'2015-03-04 11:46:00'),(339,10,71,'Voluptatibus rerum est ut ratione aut sapiente rerum hic. Dolor fugiat ducimus pariatur et. Qui quo a sint tempore vitae eaque ut. Dolor nobis aut et amet.',0,1,'2014-01-27 13:16:27'),(340,48,23,'Fuga illo nesciunt consectetur recusandae. Qui in qui vero quisquam sapiente. Nihil nihil facilis vitae in labore.',0,1,'2017-04-10 05:23:57'),(341,46,47,'Dolor perspiciatis mollitia exercitationem qui. Molestiae sint qui eius rem. Fugiat id occaecati molestiae consectetur excepturi.',0,0,'2020-12-31 18:28:33'),(342,93,78,'Sint deserunt dolorem et pariatur ea. Vitae doloribus incidunt autem repudiandae et quo molestiae magnam. Dolore possimus ea unde dicta. Sed atque expedita laborum asperiores consequatur.',1,0,'2017-11-16 19:30:16'),(343,67,87,'Est et in eos in sunt. Mollitia maxime aut molestias ad sit eos et. Eligendi minus autem sit id doloribus voluptatem. Sed voluptas veniam omnis minus aut consequatur.',1,0,'2011-06-04 05:09:26'),(344,27,54,'Molestias est possimus tenetur vero ut dolore. Est modi dolorum ut quis tempore aut ea. Consectetur aliquam dignissimos dolore quis.',0,1,'2015-12-01 13:41:26'),(345,67,1,'Nostrum sit qui dicta ut ullam nulla molestiae voluptas. Est aspernatur libero maxime nobis. Vitae sint sunt placeat. Occaecati deleniti cumque qui sunt inventore numquam.',1,0,'2013-06-29 23:08:20'),(346,35,7,'Quo aut perferendis aut quisquam error. Vel sint hic doloribus perferendis totam officiis deserunt sequi. Cumque inventore aut libero aut vitae eligendi modi officia. Qui et dolores sapiente possimus et.',0,1,'2020-08-17 06:45:09'),(347,43,85,'Et voluptatem ut nihil iure. Sint est culpa vel ut beatae eum beatae.',1,1,'2016-05-25 02:39:08'),(348,35,100,'Commodi necessitatibus qui rerum consequuntur ut iusto. Sed quia perspiciatis porro consequuntur. Inventore aut ut nam tempora id tenetur quia. Reprehenderit et ea quaerat sed nihil autem.',0,0,'2020-10-23 12:23:34'),(349,14,87,'Et nulla et ex voluptas libero. Eius perferendis numquam perspiciatis fuga libero dolor fugit. Ut delectus nulla quas inventore deserunt aut doloremque. Est suscipit nesciunt vel nesciunt.',0,0,'2016-01-09 22:57:48'),(350,58,8,'Eum qui mollitia ab quia. Tenetur cum deleniti quia quaerat voluptatem.',1,1,'2018-06-03 00:18:11'),(351,77,34,'Exercitationem voluptatum nulla totam accusamus eveniet. Rem necessitatibus non fugiat soluta. At voluptas et occaecati aut sequi est autem laborum. Qui suscipit fugit dolor voluptatum qui vel.',0,1,'2014-04-11 22:16:29'),(352,32,76,'Velit eveniet culpa totam soluta tempora sed assumenda aut. Sit rerum nulla vel veritatis velit accusantium. Quibusdam ex sapiente doloribus ipsam tempore.',1,1,'2019-02-03 13:25:18'),(353,10,91,'Commodi voluptatem vel inventore consequatur cum. Omnis quibusdam et sit odio corrupti vel eveniet. Animi labore atque id ea in officiis rerum quo. Et consequatur voluptatem pariatur odio qui impedit dolor.',1,0,'2020-08-06 11:41:03'),(354,88,20,'Possimus enim quis perferendis quis. Earum laudantium harum exercitationem et consequatur dolore architecto. Reprehenderit modi laborum eum quisquam et accusantium.',1,1,'2011-06-07 01:26:16'),(355,61,35,'Officiis sapiente enim et mollitia repellat ut. Qui asperiores odit temporibus deserunt possimus molestiae. Fuga reiciendis cum quo qui sit ratione quia quos. Omnis rem animi quos similique maiores.',1,0,'2014-03-17 01:48:34'),(356,43,6,'Quibusdam voluptatem quasi minus qui. Incidunt beatae natus et molestias. Quos nihil quaerat labore.',1,0,'2012-11-27 13:24:41'),(357,82,35,'Et voluptas odio sint nulla. Sed praesentium voluptas ut architecto enim aut aut. Sed enim reiciendis exercitationem quo.',1,0,'2017-03-15 14:42:28'),(358,83,49,'Velit ea et repellendus dolor. Nihil quia expedita omnis voluptatem facere suscipit. Quos rem dolor sed adipisci. Distinctio et nisi quo non.',1,0,'2012-12-22 08:12:34'),(359,21,10,'Ad nam voluptate accusamus rerum adipisci voluptas consequatur. Iure voluptas maiores assumenda. Dolor et nisi eveniet pariatur. Unde fuga quasi excepturi dignissimos error ab ad. Reprehenderit et tempora eum ullam.',1,1,'2019-02-01 05:22:48'),(360,3,88,'Sed sed a quas repellendus aut laboriosam sed. Nisi sit impedit reiciendis omnis. Voluptas modi consequuntur enim eaque. Id sit voluptas vero quo eaque.',1,1,'2012-05-07 04:14:58'),(361,10,38,'Cumque distinctio fugiat ducimus deserunt enim iste. Omnis doloribus quidem inventore qui cumque cupiditate neque.',0,0,'2015-09-14 14:33:47'),(362,94,53,'Vero et dolor sed. Voluptatem accusamus sit necessitatibus atque id inventore. Expedita nihil sit id aperiam molestiae velit. Aut vel reiciendis qui odio libero.',1,1,'2020-05-09 04:13:43'),(363,22,28,'Sit ipsa est ut qui accusantium ipsa. In rerum consequuntur quibusdam temporibus qui distinctio sint ipsam. Rem natus aut molestiae et velit vero qui reprehenderit. Officia aliquam reiciendis adipisci. Earum maiores doloribus voluptas impedit necessitatibus modi ducimus hic.',0,1,'2018-05-02 07:17:25'),(364,52,35,'Animi inventore delectus amet a ex magni eum. Ipsa fugiat cumque placeat ipsa dolores. Doloribus dolor error non quae quo iusto cupiditate.',1,1,'2018-04-25 22:56:33'),(365,14,9,'Incidunt esse vitae praesentium explicabo. Ut illum id accusamus neque voluptas qui est. Architecto cumque doloremque et nisi ea doloremque. Sit voluptatem quaerat qui iste dolore error.',0,0,'2014-05-31 12:33:30'),(366,43,91,'Quidem ut nemo quia consectetur odit. Qui sint in et repudiandae. Sunt modi fugiat tempore iusto.',1,1,'2020-11-09 20:23:53'),(367,43,75,'Pariatur autem dicta similique vel. Laudantium voluptas maiores voluptate accusantium quia tempore inventore. Incidunt molestias qui at sequi.',1,0,'2017-07-11 07:34:28'),(368,66,53,'In tenetur non vitae qui. Unde occaecati facere consequuntur animi corrupti magni at. Dolor non ut et omnis corrupti consectetur.',0,1,'2017-07-25 00:27:11'),(369,66,54,'Aliquam sunt assumenda id adipisci. Iusto aliquam consequatur beatae doloribus neque. Molestiae aliquid occaecati accusantium repudiandae. Dicta accusantium labore consequuntur reiciendis ea eaque. Aperiam omnis autem eius sit.',1,1,'2017-12-28 22:36:08'),(370,72,26,'Veniam quia voluptates laborum unde. Ut beatae numquam aut et sunt. Quis et et fugiat quo dolores. Dicta ut dolor aut id necessitatibus ut facere.',0,0,'2013-04-15 21:21:14'),(371,89,15,'Accusamus incidunt adipisci labore voluptatem laudantium sunt. Est amet non fugit. Iusto amet quod consectetur nostrum eius est nemo quod. Velit consequuntur minus ipsum corporis iste labore est consectetur.',1,0,'2011-11-24 14:12:30'),(372,32,70,'Voluptatum eos velit quasi voluptas itaque dolorem voluptate a. Sit sit iste dolorum sit dicta.',0,1,'2021-04-12 05:39:00'),(373,49,15,'Enim totam omnis illum. Veritatis ex asperiores voluptas dolores repellendus.',0,0,'2019-08-07 21:53:17'),(374,19,70,'Eos ut hic hic enim sapiente officiis. Qui repudiandae rerum eveniet sit corporis. Facere facilis ut animi aut dicta.',1,1,'2013-12-25 12:58:00'),(375,24,22,'Omnis minima eius minima et dolor rerum dolores. Ea ex porro magnam minima. Quod dignissimos doloremque suscipit velit consequatur temporibus omnis excepturi. Ducimus quia ut impedit excepturi.',0,1,'2019-07-11 13:31:15'),(376,57,33,'Quibusdam quo id a consequatur. Aut eaque qui dolores sint. Quaerat expedita tenetur aliquid sint repellat quibusdam iure.',1,1,'2020-01-07 10:14:56'),(377,59,50,'Enim ipsa aut praesentium quis quos quae deleniti ut. Et deleniti inventore quisquam natus. Neque qui ea voluptates aut et. Perspiciatis dignissimos eum saepe eligendi aut. Nostrum porro pariatur perspiciatis error expedita.',0,1,'2013-06-26 01:36:01'),(378,86,81,'Eos accusantium magnam consequatur sed omnis ut officiis. Optio ut corporis cum nisi rerum. Voluptas cumque recusandae omnis qui.',1,1,'2015-11-12 20:07:37'),(379,78,38,'Eum ut rerum quis rem ea quae. Possimus ex quos unde deserunt. Cupiditate est quia molestiae.',0,0,'2017-07-02 00:24:43'),(380,16,91,'Sint magni quo repellat quidem voluptatum qui. Doloremque repudiandae sed nisi dolorem illum velit. Aut rerum explicabo laborum ut iure. Ea vero et sed cum doloribus voluptatem.',1,1,'2013-12-20 03:29:11'),(381,47,59,'Iusto quaerat ipsa voluptatem ipsum similique vitae voluptatem. Est inventore pariatur omnis sed aspernatur est molestiae. Non quo velit ut possimus.',1,0,'2012-04-09 11:36:48'),(382,81,89,'Non et consequuntur voluptas ut eaque consequatur sunt. Commodi est laboriosam non et. Numquam quasi harum laboriosam maxime consequatur sint quod voluptas. Sed tenetur hic quae fugiat ut.',0,1,'2011-07-19 04:36:52'),(383,34,47,'Autem voluptatibus iusto rerum nulla tempore provident. Esse est illo vel maiores minima velit. Eligendi laboriosam quasi corrupti consequatur blanditiis. Nobis labore fugiat sed et deleniti aliquam iusto consequuntur. Et modi libero quam saepe reprehenderit.',0,1,'2016-01-26 19:54:12'),(384,41,99,'Odio enim autem fugiat qui aut eos. Voluptatum voluptates soluta quae maiores perferendis ad repellendus molestiae. Libero natus eum provident repellat totam saepe. Reprehenderit vitae ipsa debitis et et. Sunt ut voluptatem facere odio qui.',1,0,'2012-02-16 09:58:08'),(385,100,13,'Animi ut consectetur iste consequatur qui qui. Nam pariatur ullam consequatur sunt quo et et. Veniam praesentium in tempore pariatur vel. Incidunt mollitia deserunt ea aperiam.',0,1,'2013-09-27 19:27:38'),(386,25,88,'Maiores ipsam est in corporis occaecati. In qui voluptatem fugiat distinctio aliquid ea sit. Illum cumque porro a omnis et soluta.',1,1,'2016-10-28 17:03:29'),(387,27,56,'Doloribus rem exercitationem quo quisquam exercitationem totam explicabo. Aut distinctio fugiat ut doloribus optio odit possimus cum. Neque totam est provident aliquid quia. Ut dicta aperiam quisquam unde libero sed autem.',0,1,'2014-02-23 23:03:22'),(388,58,76,'Voluptas qui autem corporis asperiores amet. Debitis quibusdam porro inventore voluptatibus eveniet quas omnis alias. Eius voluptates sit et rerum aut rerum. Eum in corporis explicabo commodi qui.',0,1,'2018-03-11 22:26:04'),(389,71,76,'Ab itaque sapiente voluptatem sint qui. Autem ad qui totam enim. Nam est consequuntur ea et natus numquam iusto.',0,1,'2019-06-11 22:52:40'),(390,45,94,'Iure facere facere aperiam itaque beatae dignissimos. Tempore quisquam alias ipsa voluptatem quia sed. Laboriosam fuga non non maiores deserunt. Iusto aut voluptatum ut optio exercitationem dicta.',0,0,'2011-08-31 03:34:54'),(391,97,2,'Et nostrum quo veniam eum est. Qui molestias error voluptates et nam animi similique ut. Et ut eum qui atque nisi dolor. Deleniti dicta maxime sunt eveniet iure ut.',0,0,'2013-07-21 05:29:05'),(392,27,56,'Et nesciunt delectus repellat perspiciatis magnam velit omnis dolorem. Cupiditate sed velit delectus unde itaque in in. Et necessitatibus sunt perspiciatis quidem et quos quos. Facere omnis et est aliquam enim dolores quasi.',1,1,'2015-02-27 21:51:51'),(393,51,13,'Perferendis esse ut repudiandae placeat autem aut. Rerum non fugit est non optio inventore occaecati. Eligendi enim iusto mollitia facilis amet ducimus.',0,0,'2014-04-23 13:55:27'),(394,36,29,'Temporibus impedit assumenda tempora nemo ut sunt nihil et. Odio nemo reiciendis quia optio voluptas omnis. Quo commodi maiores rerum. Omnis tempore aperiam accusantium repellendus.',0,0,'2012-11-23 15:58:07'),(395,50,51,'Accusantium et autem neque numquam. Aut sapiente magni expedita consequatur dolorem deserunt delectus. Inventore et et eum repudiandae. Earum illo est consectetur adipisci. Autem odit vel quia tempore.',1,0,'2011-12-19 09:23:40'),(396,19,96,'Inventore ipsa suscipit maxime maxime ducimus est sunt. Cumque assumenda ipsa unde exercitationem nam. Tempore delectus consequatur quis ut reiciendis. Et qui rerum a dolorem ea dolorum nihil sapiente.',1,1,'2020-12-02 06:40:26'),(397,9,100,'Nobis odit adipisci autem eaque officiis quam. Voluptatem vel quis tempora eos voluptas. Nostrum distinctio cumque veritatis expedita voluptatem.',0,0,'2019-03-01 08:11:57'),(398,85,42,'Est qui ut libero delectus officia at quidem ducimus. Possimus quis sunt voluptas quia. Accusamus modi iusto id et nulla quo sit earum.',1,1,'2013-09-02 03:49:54'),(399,46,26,'Sed reiciendis debitis tempore veritatis dolores suscipit. Id ut sed aut vel in et illo non. Accusamus explicabo excepturi ut autem. Rerum ab fugit eos sapiente.',0,1,'2014-12-01 10:23:14'),(400,41,45,'Nisi illo sunt quibusdam tempore aut et aut. Ratione rerum velit accusantium et veritatis fugiat. Facere voluptatem inventore rem incidunt commodi quia voluptatem qui.',0,0,'2014-01-28 02:11:13'),(401,39,65,'Magnam et et hic ut et nihil consequatur. Laborum eaque nihil facilis ipsa. Quae velit ipsam aliquid facere. Blanditiis adipisci accusantium aliquid atque eveniet voluptatem. Dolor voluptatum nihil consequatur sint.',1,1,'2012-02-25 13:18:36'),(402,33,66,'Maiores rerum est voluptatum aspernatur eos error. Aperiam qui eos dolorem. Aliquid eius veritatis quae natus. Molestias quas et sit.',1,1,'2012-04-09 04:29:20'),(403,21,90,'Odit expedita accusamus rerum et cumque. Odit assumenda error consequatur dolores. Nisi debitis blanditiis aliquid officia repellendus provident. Nesciunt harum tempora consequatur animi aut. Ut quia et assumenda vitae eaque tempore temporibus.',1,1,'2018-02-08 17:14:50'),(404,41,91,'Et rerum dolorum excepturi temporibus. Nemo praesentium sunt libero maiores omnis. Qui dicta quo quidem voluptatum non. Nam impedit ut sunt qui enim officia voluptatem.',0,0,'2013-02-07 07:05:58'),(405,66,86,'Numquam officia non dolor dicta quibusdam nam. Necessitatibus officiis odit voluptatem dignissimos eligendi quia. Voluptatem enim maxime fuga minima doloribus nihil.',1,1,'2017-05-29 02:37:18'),(406,85,63,'Nemo numquam reprehenderit est. Omnis cupiditate sed recusandae voluptates consequatur. Ut distinctio tempore asperiores exercitationem possimus reiciendis. Ipsa vero est consequatur architecto distinctio ab.',1,0,'2012-12-31 22:13:29'),(407,87,11,'A at omnis ea ipsa incidunt numquam. Excepturi cumque qui numquam praesentium eveniet repellendus aliquid. Deserunt ut neque architecto aut. Corrupti quia eveniet eius ullam dolorum soluta.',1,0,'2013-06-02 14:53:03'),(408,18,38,'Nostrum assumenda molestiae sint nam magni voluptas voluptatem. At rem quae officia minus odio delectus. Earum praesentium rerum dolores eos.',1,0,'2011-10-21 02:17:08'),(409,23,53,'Veniam architecto quod eveniet ut. Sit aperiam nemo repudiandae consequuntur enim repellat. Perspiciatis et ipsam culpa eius beatae. Aut velit reiciendis saepe officia.',0,0,'2018-06-15 09:55:12'),(410,66,73,'Excepturi et perspiciatis assumenda. Qui distinctio eum omnis inventore quia rem sint. Esse quisquam eaque suscipit amet quo eum voluptatem. Reiciendis excepturi omnis ut et atque et.',0,0,'2012-06-11 05:07:36'),(411,4,84,'Incidunt repellat molestias itaque harum. Nemo sint consequatur ipsa omnis ea excepturi quia. Voluptatem ut porro voluptas mollitia. Possimus sunt et qui quia quasi voluptates.',0,1,'2017-06-01 20:36:28'),(412,68,13,'Facere perferendis vel suscipit ut aut facere. Assumenda omnis voluptas minima ut iure quis sit. Ut ea ratione aut sit nemo necessitatibus. Iste omnis laborum quis aperiam fugit.',1,1,'2016-03-15 22:30:10'),(413,84,53,'Ut dolore quasi fugiat quisquam. Odit et cupiditate autem officia ut. Eos provident adipisci nam vel quia. Repellendus omnis magni excepturi pariatur architecto non aliquam perferendis.',1,0,'2013-12-30 13:03:06'),(414,55,29,'Veniam enim fugit ab magni veritatis et odio commodi. Dolores libero dolore minima est repellat. Voluptate mollitia expedita quos autem. Qui repellendus at qui culpa iure sed.',0,1,'2011-06-21 04:04:37'),(415,78,95,'Laudantium ipsam inventore odio. Aspernatur rerum ut est optio iste in cum. Aperiam commodi perspiciatis voluptate tempora possimus. Et dolorem consequatur omnis ipsam sunt.',1,1,'2011-09-27 10:16:09'),(416,74,16,'Dolorem ut ducimus aut iusto placeat. Maxime numquam ratione quam in commodi sunt ut. Sit deserunt velit necessitatibus. Possimus voluptas ut dicta dolore officiis velit numquam.',0,0,'2014-11-21 02:14:36'),(417,60,6,'Voluptatum enim et ducimus fugit in. Molestiae vel quae est. Accusamus est dolore ad sed eligendi eos ipsa. Quo natus ducimus harum sed saepe facilis qui dolor.',0,0,'2016-05-31 07:46:24'),(418,81,81,'Ipsa et ad ut laboriosam beatae. Harum quae veniam eligendi. Voluptatem quia nobis voluptatem libero neque quam. Totam tenetur odio voluptate praesentium ipsum eos omnis sequi.',0,0,'2021-01-21 23:11:41'),(419,96,22,'Eos placeat ea alias qui et et culpa. Ut amet quos accusantium voluptas exercitationem aut. Dolor sint et beatae exercitationem aut. Debitis perspiciatis dolores sint nemo omnis.',1,1,'2014-09-15 08:27:29'),(420,71,61,'Quidem veniam aut quasi dolores nam. Temporibus voluptatum consequuntur veniam reprehenderit. Doloribus repellendus ipsum nobis dicta et. Consectetur placeat excepturi modi incidunt a ut debitis iste. Numquam sed dolorum veniam laborum.',1,0,'2011-05-21 16:01:47'),(421,7,55,'Voluptate nam occaecati mollitia qui quas maiores dolores. Quidem dolores sit labore eaque quis voluptate vel consequatur. Necessitatibus quis deserunt blanditiis pariatur accusantium eum eaque. Libero molestias at qui animi.',1,0,'2016-08-20 16:26:49'),(422,23,93,'Architecto quo maiores hic aliquid voluptas. Excepturi ut deleniti qui quia.',1,1,'2020-02-08 04:31:24'),(423,66,40,'Dolor ut alias a inventore aperiam aliquam. Nemo ullam est autem quisquam commodi sequi ut totam. Illo sapiente qui delectus voluptatum vel dicta. Magni ad et occaecati tempore fuga quae. Sapiente perspiciatis fuga rerum voluptas aut quidem.',0,1,'2016-01-11 23:54:02'),(424,31,89,'Eos deleniti adipisci dolore magnam sint corporis repellat. Porro voluptas omnis veniam ullam at et. Illum consequuntur maiores est consequatur dolores quam est.',0,1,'2017-11-25 06:31:10'),(425,93,96,'Velit dolores autem facere aut ipsa. Excepturi nemo cum autem est sint officiis quis. Magnam aut officiis laudantium quaerat exercitationem cum cupiditate.',0,1,'2019-11-06 14:59:03'),(426,61,97,'Ducimus delectus labore est molestias eligendi sint. Consequatur quis et possimus incidunt fugiat. Aut nobis vel fuga rerum eum.',1,1,'2014-07-07 23:57:05'),(427,80,28,'Et voluptas sed suscipit qui ab animi. Officia totam ipsum ducimus quos. Vel accusantium vero beatae neque earum. Totam porro ut eum dolores quis sunt. Architecto repellendus ducimus molestias necessitatibus.',1,1,'2019-01-13 10:34:23'),(428,10,63,'Animi ab inventore excepturi eius aut inventore. Excepturi similique ut praesentium tempore autem. Rerum id ea saepe provident repudiandae cum velit.',1,0,'2012-02-18 09:59:06'),(429,80,64,'Exercitationem dolor quia corporis eaque ad earum odit. Aut qui reprehenderit laboriosam fugiat doloribus. Sed et deserunt maxime impedit eos molestiae temporibus.',0,1,'2014-03-13 11:01:51'),(430,92,58,'Ut tenetur porro facilis. Fuga et quos deleniti nisi aut. Error in corrupti qui consequuntur vero. Id illum quia dolore incidunt et quasi placeat assumenda.',1,1,'2015-05-15 14:07:32'),(431,59,65,'Soluta rerum ab eum sed in ut autem. Natus vitae animi blanditiis aut. Placeat perspiciatis provident quidem ipsa. Eaque commodi ducimus in commodi sit. Est sed ex consequatur voluptatum sequi.',0,1,'2014-01-26 06:52:26'),(432,73,19,'Est fugiat est ut sapiente. Nemo hic vel fugit rerum expedita quibusdam. Reprehenderit non sed quaerat ut.',1,1,'2011-05-05 11:20:31'),(433,71,54,'Quos esse ipsam consequatur rerum. Quia laudantium commodi totam dignissimos. Molestiae voluptatem et cupiditate voluptatem a alias quia. Ut facere omnis alias quis.',0,0,'2018-06-28 05:47:54'),(434,99,66,'Sed eos debitis fugiat quos velit et libero quidem. Sed iste vero dolore nesciunt quas aperiam. Iure vel quae dicta et voluptatum et laboriosam illum.',1,0,'2020-07-19 11:39:05'),(435,75,70,'Quasi nemo eveniet eius. Amet rerum quia et sint et vitae. Et itaque consectetur suscipit ipsum soluta. Non eius molestias qui nam. Pariatur et quas ipsam voluptatem dolores rerum quo.',0,1,'2015-11-15 23:27:37'),(436,26,82,'Ut dicta eveniet ipsam ea rerum nihil et. Veritatis et aut est molestias rerum fuga. Repellat dolorem molestias nisi voluptatem.',0,1,'2018-04-22 17:33:46'),(437,25,49,'Qui optio dolorum voluptate maiores ipsam ullam hic blanditiis. Et minus voluptas cupiditate aut repudiandae sed dolores consequuntur. Similique sint debitis est suscipit perspiciatis. Dolores ducimus voluptatem quasi rerum.',1,0,'2017-02-11 13:34:54'),(438,75,90,'Porro officiis vel nesciunt provident odio earum. Repellendus molestiae et sed atque aliquid dolorem aut. Quia non quo architecto beatae ea.',1,1,'2018-11-11 04:05:34'),(439,89,5,'Aperiam magni voluptatem tempore. Quisquam quaerat voluptatum totam nam rerum ipsam autem. Velit provident quia ut quia. Ut ratione quos maxime a neque.',1,1,'2019-02-01 13:49:13'),(440,78,82,'Deleniti cum neque reprehenderit libero. Aut reprehenderit consequatur omnis eius blanditiis. A quia sint et.',1,0,'2012-02-10 11:12:59'),(441,100,38,'Natus omnis sed voluptatem sapiente et quos. Eum nemo consequatur aperiam omnis. Rerum itaque quia voluptatem. Delectus optio ipsa porro ad debitis iste.',1,1,'2018-09-27 14:49:49'),(442,78,80,'Voluptatum iste velit nihil et illum unde atque. Quibusdam aspernatur tenetur suscipit fuga. Aut debitis unde eveniet esse fugit.',1,0,'2014-06-27 15:05:56'),(443,66,88,'Eos veritatis tenetur asperiores perferendis aspernatur temporibus expedita consequatur. Quibusdam rerum dolorem dolorum ipsum sunt. Quidem impedit est occaecati nesciunt maxime a itaque voluptate. Consequatur quaerat quidem omnis esse amet alias quod.',1,0,'2012-03-31 01:13:58'),(444,42,45,'Omnis iure fuga doloremque commodi laboriosam voluptatem quas. Ipsam doloribus tempora aut aut ea est hic. Commodi aspernatur harum rerum perspiciatis. Aut iusto iste natus consequatur.',1,0,'2011-12-04 07:27:59'),(445,52,34,'Et placeat doloremque tempora sit quaerat distinctio. Doloremque voluptatibus rem amet in non.',1,1,'2017-06-26 20:14:19'),(446,3,10,'Velit culpa dolor laboriosam amet doloremque a velit. Occaecati repellat aut et tempora. Vero id rem quaerat et rerum.',0,1,'2018-09-08 05:38:28'),(447,99,76,'Sit sunt dicta autem mollitia omnis. Nobis inventore nihil corporis est. Ea quo exercitationem voluptate quo sequi. Nulla et repudiandae consequatur similique.',1,0,'2019-06-16 10:49:47'),(448,29,69,'Atque et qui voluptas sed. Eligendi sed officiis quas aut non beatae fuga. Alias id voluptatem natus et est ipsa. Et in perspiciatis laboriosam necessitatibus eum doloremque.',1,0,'2019-03-21 11:04:25'),(449,29,27,'Deserunt explicabo reiciendis occaecati suscipit. Eaque nisi iste sapiente molestiae dignissimos. Omnis officia magnam quis a voluptatum.',1,1,'2016-06-10 06:14:04'),(450,35,4,'Ut architecto nostrum architecto delectus facilis fugiat recusandae libero. Voluptatem consequuntur maxime non consequatur iure a fugit. Illo minima minus et porro minus molestiae. Provident modi natus cupiditate veniam facere.',0,1,'2017-12-18 23:40:23'),(451,96,61,'Cum ea est laudantium sint et voluptatum omnis. Doloremque qui delectus doloremque cum. Assumenda molestias saepe cumque nihil nesciunt et. Sint et voluptates deleniti exercitationem eos rerum quos. Non est delectus minima minus dicta ad alias quidem.',1,1,'2018-02-17 03:11:55'),(452,86,20,'Dolorem ut maiores pariatur non consequatur. Voluptas harum error et non quisquam necessitatibus.',1,1,'2011-04-30 08:53:58'),(453,9,60,'Debitis eum possimus saepe sint. Quam ipsum et tempore ducimus possimus exercitationem voluptatibus. Et aut nihil in officiis excepturi odit libero. Soluta at aliquam cupiditate beatae dolor ab a ut. Dolorem voluptatibus et doloremque quidem enim excepturi ducimus.',0,0,'2012-03-22 02:20:10'),(454,10,98,'Explicabo suscipit blanditiis ipsum quas natus ad ut. Ut provident voluptatibus molestiae explicabo doloremque sed quas.',0,1,'2016-03-04 05:35:03'),(455,65,87,'Nulla est perferendis voluptatibus. Et vitae est sapiente. Odit repudiandae laudantium labore assumenda.',0,1,'2018-04-15 04:20:54'),(456,79,65,'Eos est dolorem aut id. Sit facere voluptatum non maxime ut architecto. Non quas nisi et.',1,0,'2018-09-08 01:14:48'),(457,25,57,'Cum aut et quisquam corrupti eum ullam nihil dolorum. Et et magni rerum qui ipsa dolores laudantium. Quos et qui error eum blanditiis iusto sunt omnis. Voluptates ut sunt occaecati et ab sit cumque.',0,1,'2021-01-06 18:20:37'),(458,44,90,'Officia eaque sed mollitia vel. Ut aut odit asperiores quis. Sed est maiores at exercitationem itaque.',1,1,'2013-08-21 07:45:42'),(459,44,86,'Porro sunt autem qui ducimus. Temporibus qui et repellat sed quia atque.',1,0,'2014-04-08 07:47:29'),(460,35,95,'Atque asperiores iure aut error dolores numquam sunt. Nihil et magni sit quis quia. Velit maxime illo aut aliquid est omnis incidunt.',1,1,'2019-04-09 11:05:21'),(461,19,37,'Ad ipsum quam ipsum ut aut itaque voluptas. Repellat omnis fugiat neque quia voluptatem rem eveniet enim. Minus nesciunt enim sequi tempore ut ad numquam. Omnis dignissimos quae alias.',0,0,'2011-05-27 06:11:02'),(462,5,18,'Consequuntur enim qui aut molestias corrupti. Cumque quaerat et consectetur voluptas. Vel et dolore incidunt fuga neque debitis animi omnis. Labore suscipit sit eveniet sed.',1,0,'2020-11-15 16:38:58'),(463,12,33,'Est molestiae libero aut officia vero eaque qui. Et quia culpa neque iure eum. Nisi qui optio tempora esse rerum quisquam.',0,1,'2016-12-26 03:19:48'),(464,86,41,'Earum est praesentium tempore laborum voluptatum omnis et et. Omnis ex perspiciatis molestias qui. Vel in soluta rerum iure nulla aut tempora.',1,0,'2019-05-07 12:16:33'),(465,60,21,'Aut a voluptas in dolorem sint eligendi ut quisquam. Et quas voluptas sequi aut. Sequi cum numquam consequuntur delectus. Non id deserunt laudantium harum et velit.',1,1,'2014-08-31 07:06:28'),(466,45,56,'Quis nulla aut aut facere praesentium tempora omnis. Sit repudiandae labore culpa molestias quos. Aut dolores non modi velit esse molestiae laudantium. Aut et non eligendi porro.',1,1,'2015-07-03 17:30:17'),(467,81,30,'Accusamus beatae maiores commodi fuga nihil. Pariatur ducimus facere ut consequuntur nesciunt. Consequatur iste ipsam debitis in et.',0,1,'2015-12-03 09:09:25'),(468,76,90,'Consequuntur consequatur provident labore porro sint labore doloribus. Voluptas reprehenderit dolor necessitatibus aut rem ipsa sapiente. Inventore sunt accusantium quae. Cum vel occaecati voluptate qui aspernatur quam.',1,1,'2014-12-14 05:32:30'),(469,89,85,'Molestiae similique debitis animi. Ipsa molestiae voluptate odit et voluptatem explicabo delectus numquam.',1,1,'2019-06-10 15:56:41'),(470,88,54,'Accusamus molestias totam rerum deleniti. Ullam excepturi nihil quibusdam adipisci qui voluptas. Eveniet ratione omnis quisquam nulla iure enim deserunt. Dolorem et ea sequi voluptates.',0,1,'2012-09-04 20:10:04'),(471,72,66,'Voluptates dolor nostrum omnis. Ipsa incidunt sunt sed labore omnis reprehenderit ipsa sunt. Aut quaerat quibusdam ipsam voluptas et doloremque. Sit sit reiciendis quas soluta vitae qui.',1,1,'2012-11-06 16:25:50'),(472,18,96,'Pariatur reprehenderit animi nostrum. Autem qui placeat corrupti. Vitae ea velit eius sunt suscipit assumenda veniam nobis. Veritatis error vel maxime sunt.',0,1,'2020-12-16 21:14:21'),(473,23,61,'Et doloremque porro maiores facere. Nihil ad laborum officia sed. Placeat est et harum dolorem dignissimos ea.',0,0,'2021-03-27 05:40:24'),(474,85,67,'Enim velit assumenda ratione qui quia. Accusamus nisi tenetur sed ducimus esse sed et. Maiores quaerat rerum voluptas aperiam quae qui.',0,1,'2015-01-21 22:41:02'),(475,47,19,'Autem sit magnam reprehenderit ut omnis. Facere nisi porro saepe aut amet omnis est. Eius dignissimos iste neque reiciendis est. Et recusandae nulla deserunt autem aspernatur.',1,0,'2012-11-13 14:01:02'),(476,62,65,'Cupiditate ipsam nobis quia nobis eos mollitia dignissimos velit. A delectus tempore et. Numquam sed distinctio dignissimos placeat ipsum consectetur.',1,0,'2016-01-11 02:00:43'),(477,56,66,'Expedita ex ut quia laudantium minus. Nemo laboriosam facere quia exercitationem ipsum et. Odio voluptatum animi aperiam repellendus.',1,0,'2016-04-19 08:47:15'),(478,83,68,'Molestiae molestiae saepe voluptas sit aut voluptas. Placeat eaque exercitationem veniam voluptas qui itaque. Odit consequatur totam accusantium. Enim ea nisi blanditiis sed culpa aut.',0,0,'2020-04-21 14:36:32'),(479,99,68,'Quia aut qui velit. Labore debitis voluptatum quis animi qui reiciendis. Harum omnis aperiam eligendi qui id vel doloribus.',1,0,'2011-09-28 19:28:04'),(480,8,59,'Iste eum id eaque enim cum qui. Dolor maiores dolor ratione iste deserunt molestiae consequatur. Autem quis at et nobis exercitationem. Eius voluptas ea sed eveniet tempore earum.',1,1,'2011-06-14 13:02:07'),(481,89,52,'Est rerum minima aut nobis ipsam sunt. Molestias accusamus consequuntur numquam mollitia blanditiis incidunt at.',0,1,'2016-08-30 09:10:55'),(482,14,70,'Doloribus temporibus nostrum nihil neque laborum expedita. Et et quisquam delectus itaque nisi et aut. Laboriosam velit saepe et quae corrupti.',0,1,'2011-05-10 11:26:50'),(483,81,90,'Exercitationem error fugiat distinctio alias dolores qui tenetur. Fuga ipsum nam nam sit aspernatur et pariatur. Illum a sit explicabo suscipit aliquid.',0,1,'2016-08-27 14:38:00'),(484,59,70,'Rerum non nostrum dolorum eligendi dolores porro. Et aspernatur ut ad repellat. Impedit ut praesentium quos illo quia maxime modi.',0,0,'2013-03-04 22:26:25'),(485,74,47,'Ducimus minima fugiat dolor labore hic. Esse labore officia doloribus corrupti id maiores. Consectetur consequuntur provident non voluptatem minus ab.',0,0,'2020-02-09 20:36:55'),(486,23,46,'Sit exercitationem laboriosam qui perspiciatis veritatis totam ut. In saepe sit officia ut repellendus.',0,0,'2011-05-29 22:03:24'),(487,13,40,'Quia corporis ut ea consequatur vel dolores. Voluptas eius autem dicta aut dignissimos. Ut esse sit aut harum tempora exercitationem eius. Sed quibusdam beatae error omnis magnam.',1,1,'2016-04-12 00:07:22'),(488,41,35,'Fugit odio dolor ea nihil optio nulla odit. Provident esse repellendus cumque nemo libero aut. Alias veritatis eum et nostrum magnam in.',1,1,'2014-05-18 19:43:42'),(489,1,26,'Sit ut unde quam consequatur. Sint hic asperiores voluptas rerum. At itaque reiciendis placeat. Quasi dolor fuga nihil in et dicta.',0,1,'2013-01-26 12:34:22'),(490,1,47,'Aut explicabo minima amet est corporis aut sequi minima. Voluptate non officia voluptatibus vero vel. Voluptatum est accusamus nemo quasi fugit deserunt recusandae. Natus natus enim libero debitis voluptas eligendi. Ut dolor laboriosam quo labore.',0,0,'2017-11-05 04:44:24'),(491,45,63,'Sit nisi ea repellendus sit. Maiores quo nesciunt modi recusandae. Dignissimos reiciendis quisquam eaque ad. Et ut perspiciatis ipsa quia suscipit.',0,0,'2017-07-11 03:39:35'),(492,12,100,'Eos corporis quam soluta inventore consectetur iste eum. Dicta iure excepturi aut omnis voluptas. Vel magnam sunt iure et doloribus error blanditiis.',0,0,'2019-10-08 02:33:04'),(493,29,94,'Quisquam illum error modi atque ut cumque. Quia similique praesentium quia molestiae. Sit voluptas ab a quaerat maxime tenetur. Voluptatem veniam atque enim expedita in mollitia in veniam.',0,0,'2016-04-26 09:51:34'),(494,67,27,'Aliquid laborum eius tenetur magni. Impedit rerum autem non ut. Impedit molestiae officiis ipsum aut.',0,1,'2020-09-30 18:27:14'),(495,62,75,'Minima minima consectetur dolore numquam id quo similique. Velit voluptatem earum qui unde.',0,0,'2016-03-02 14:02:56'),(496,86,50,'Esse facilis libero saepe vel et. Ullam accusantium velit facere et. Quod ut aut beatae. Praesentium sunt voluptas sed similique omnis et.',0,0,'2018-05-07 13:15:28'),(497,26,100,'Dolores dignissimos est laboriosam voluptatum voluptatem. Reiciendis praesentium repudiandae dolores iure dicta. Vitae est quisquam qui perspiciatis et. Quas enim et magnam iusto magni quae.',1,0,'2020-04-20 02:16:41'),(498,19,7,'Ea voluptas dolor laboriosam vel tempora porro. Sequi voluptatem voluptatum enim est id quae voluptas. Et magnam aut odit et magnam sit dolore. Sequi veniam quis aut totam.',1,0,'2019-06-23 10:04:10'),(499,89,78,'Veniam cum voluptas ut laboriosam voluptatibus explicabo perspiciatis. Sed consequatur fuga impedit blanditiis commodi excepturi odio ipsam. Aut pariatur perferendis nesciunt nulla veniam.',1,1,'2019-06-30 08:36:43'),(500,77,63,'Quos ex qui corrupti sit dolores qui. Vitae perferendis quidem ad aspernatur dolor omnis consectetur omnis. Et soluta sed repudiandae tempora autem.',0,1,'2014-06-17 11:20:08');
/*!40000 ALTER TABLE `messages` ENABLE KEYS */;
UNLOCK TABLES;

--
-- Table structure for table `profiles`
--

DROP TABLE IF EXISTS `profiles`;
/*!40101 SET @saved_cs_client     = @@character_set_client */;
/*!50503 SET character_set_client = utf8mb4 */;
CREATE TABLE `profiles` (
  `user_id` int unsigned NOT NULL COMMENT 'Ссылка на пользователя',
  `gender` char(1) CHARACTER SET utf8mb4 COLLATE utf8mb4_unicode_ci NOT NULL COMMENT 'Пол',
  `birthday` date DEFAULT NULL COMMENT 'Дата рождения',
  `city` varchar(130) CHARACTER SET utf8mb4 COLLATE utf8mb4_unicode_ci DEFAULT NULL COMMENT 'Город проживания',
  `country` varchar(130) CHARACTER SET utf8mb4 COLLATE utf8mb4_unicode_ci DEFAULT NULL COMMENT 'Страна проживания',
  `created_at` datetime DEFAULT CURRENT_TIMESTAMP COMMENT 'Время создания строки',
  `updated_at` datetime DEFAULT CURRENT_TIMESTAMP ON UPDATE CURRENT_TIMESTAMP COMMENT 'Время обновления строки',
  PRIMARY KEY (`user_id`)
) ENGINE=InnoDB DEFAULT CHARSET=utf8mb4 COLLATE=utf8mb4_unicode_ci COMMENT='Профили';
/*!40101 SET character_set_client = @saved_cs_client */;

--
-- Dumping data for table `profiles`
--

LOCK TABLES `profiles` WRITE;
/*!40000 ALTER TABLE `profiles` DISABLE KEYS */;
INSERT INTO `profiles` VALUES (1,'m','1976-01-09','North Nayeli','Suriname','2013-01-23 17:39:16','2012-02-28 16:18:32'),(2,'m','1972-08-06','New Maxine','Nauru','2015-07-09 10:30:21','2020-10-01 11:42:02'),(3,'f','2011-02-14','North Darylland','Syrian Arab Republic','2017-02-03 19:10:48','2016-09-12 23:39:13'),(4,'f','1981-02-18','New America','Gibraltar','2015-07-26 16:25:17','2017-08-07 16:46:13'),(5,'m','1988-09-08','East Luciousland','Qatar','2019-11-09 20:05:14','2012-01-16 23:29:57'),(6,'f','1999-09-04','South Noahberg','Mayotte','2011-08-24 09:53:40','2015-10-02 16:02:22'),(7,'m','2017-01-06','Lake Odell','Qatar','2014-07-07 01:36:33','2015-09-27 08:35:48'),(8,'f','1980-08-09','Port Barbaraport','Brunei Darussalam','2019-04-03 16:31:05','2013-10-08 12:41:59'),(9,'f','1996-10-16','Fadelstad','Albania','2012-05-10 13:20:05','2016-07-12 22:24:12'),(10,'m','1997-06-11','Port Rhiannabury','Rwanda','2012-11-16 12:12:06','2015-03-20 17:39:59'),(11,'m','1987-09-28','Aurelioville','Norway','2011-08-21 23:06:38','2019-05-11 16:40:36'),(12,'m','2011-06-09','Kaceystad','Madagascar','2020-01-29 22:20:53','2014-10-27 03:57:13'),(13,'f','1975-06-19','Ambrosehaven','Jordan','2018-07-19 03:38:48','2019-04-25 01:13:36'),(14,'m','2012-02-08','Oberbrunnershire','Liechtenstein','2017-10-14 19:51:23','2013-11-17 16:26:48'),(15,'f','1990-04-27','Amyaview','Bouvet Island (Bouvetoya)','2013-09-29 08:22:19','2019-06-07 05:56:32'),(16,'f','1970-11-17','Guidoborough','Honduras','2013-03-26 06:23:16','2017-08-30 07:18:43'),(17,'m','2018-11-11','North Marina','Ghana','2014-07-01 20:02:06','2011-12-25 07:22:49'),(18,'f','2018-12-21','Naomiefort','Monaco','2015-10-26 04:24:02','2020-02-07 19:59:40'),(19,'m','1971-05-19','New Lydamouth','Cocos (Keeling) Islands','2014-01-27 00:27:29','2011-08-07 11:08:20'),(20,'m','2016-07-10','Port Paulbury','Holy See (Vatican City State)','2017-02-08 19:36:42','2016-11-20 18:03:48'),(21,'m','2019-04-25','West Kaitlinfort','Maldives','2017-03-11 00:28:25','2015-10-26 10:14:13'),(22,'f','2012-12-20','New Ryannfort','Anguilla','2013-03-31 02:48:20','2013-08-04 20:52:47'),(23,'m','1973-11-12','East Travonview','Lao People\'s Democratic Republic','2015-09-01 02:50:47','2016-03-27 06:27:17'),(24,'f','2001-04-26','Welchmouth','Peru','2017-03-09 14:23:57','2018-10-06 22:10:45'),(25,'m','1983-08-11','Stokesbury','Denmark','2012-09-26 13:11:34','2011-10-04 13:44:53'),(26,'f','2014-09-05','Kamilleton','Cambodia','2020-07-02 19:51:42','2015-11-22 07:25:54'),(27,'f','1991-08-31','Port Arvid','Ghana','2012-02-16 13:17:08','2019-11-29 10:50:24'),(28,'f','2004-12-13','Marquardtberg','Iran','2017-05-23 18:22:25','2021-03-02 21:09:57'),(29,'f','1972-12-13','Tillmanmouth','Barbados','2013-08-01 23:43:52','2017-03-22 11:52:17'),(30,'m','1977-07-23','Sibylview','Western Sahara','2012-02-23 05:45:41','2015-02-25 23:31:57'),(31,'f','2015-07-10','West Rosaliastad','Bosnia and Herzegovina','2019-09-04 06:39:00','2015-09-01 14:37:28'),(32,'f','2001-09-18','Sanfordmouth','Guernsey','2019-04-05 20:24:18','2018-10-23 09:26:08'),(33,'m','1974-05-06','East Cassandrefort','Belize','2016-07-31 10:35:01','2013-07-18 21:25:54'),(34,'f','2013-01-11','Shayleeburgh','Israel','2019-01-16 18:10:31','2015-09-07 13:22:15'),(35,'f','1999-04-08','East Sandrineton','Tanzania','2017-07-26 04:04:50','2017-07-24 00:34:54'),(36,'f','1995-09-24','Lake Kileyton','Tuvalu','2018-05-29 07:13:21','2015-11-29 08:36:21'),(37,'f','2014-03-16','Esperanzaberg','Gibraltar','2012-07-24 04:21:34','2020-01-17 21:43:09'),(38,'m','1973-11-18','New Ritaborough','Guinea','2011-06-22 17:26:35','2018-06-21 10:52:30'),(39,'m','1995-01-28','Jackybury','Thailand','2018-05-08 04:24:43','2019-03-13 14:54:29'),(40,'m','1991-03-12','New Jairo','Christmas Island','2016-01-23 06:51:58','2015-09-16 14:29:22'),(41,'m','1985-05-06','Deckowchester','Suriname','2012-06-09 12:01:40','2016-08-30 08:45:57'),(42,'m','1987-04-27','Cummerataburgh','Italy','2014-03-23 20:02:25','2017-10-05 08:00:34'),(43,'m','2015-06-11','West Mitchelltown','Kyrgyz Republic','2013-08-04 07:47:53','2016-09-13 02:31:39'),(44,'m','2002-09-13','West Gilbertoburgh','Trinidad and Tobago','2019-02-13 13:56:23','2013-12-30 02:34:50'),(45,'f','2006-12-11','Port Karlie','Guinea-Bissau','2021-01-25 05:13:28','2013-12-03 03:10:42'),(46,'f','1981-01-07','Torpton','Guatemala','2017-10-28 13:05:59','2011-07-25 18:56:30'),(47,'m','1982-02-09','Walkerton','Congo','2014-04-10 18:51:25','2013-10-13 09:22:31'),(48,'m','2019-09-20','Leemouth','Anguilla','2016-12-12 14:16:05','2017-01-14 11:05:49'),(49,'m','1973-04-16','Nolanfort','Burundi','2016-04-21 21:50:52','2015-01-24 17:59:08'),(50,'f','1993-09-13','Kerlukechester','Saint Helena','2017-01-14 20:44:07','2016-02-13 17:05:29'),(51,'m','2001-10-25','South Chester','Turkey','2014-12-17 05:24:23','2012-08-13 14:18:54'),(52,'f','1972-12-01','Parkerbury','Japan','2015-10-03 02:34:50','2021-02-12 21:55:18'),(53,'f','1988-04-06','East Antwanview','Brazil','2018-08-31 09:15:47','2011-11-25 10:10:22'),(54,'m','1998-10-19','Fredericborough','Iceland','2017-03-05 16:27:57','2012-07-18 12:19:35'),(55,'m','2004-11-23','VonRuedenmouth','Angola','2012-10-14 07:02:59','2020-05-09 08:17:22'),(56,'m','1990-01-13','South Lorenmouth','Senegal','2014-04-17 08:50:44','2020-02-24 05:27:07'),(57,'f','1994-12-12','North Fermin','Sierra Leone','2016-03-07 11:55:52','2017-06-08 20:01:09'),(58,'f','1992-03-03','North Frederique','Pakistan','2018-09-20 06:40:20','2012-06-12 20:06:25'),(59,'f','1978-01-17','Buckridgeside','Germany','2019-01-27 06:57:01','2017-06-21 14:55:17'),(60,'m','2001-04-28','Jerryton','Latvia','2020-09-09 04:41:31','2017-11-09 16:52:12'),(61,'m','1999-12-20','Langworthberg','Georgia','2021-03-08 15:27:44','2011-06-29 02:33:54'),(62,'f','1975-04-27','West Murl','Cameroon','2014-11-16 00:16:39','2015-08-15 13:14:55'),(63,'m','1990-12-11','Kaciside','Finland','2013-06-24 06:43:03','2018-01-07 17:08:38'),(64,'m','1972-10-07','Conorfurt','Guam','2019-01-08 01:07:37','2015-06-01 10:06:59'),(65,'f','2010-11-10','North Lonny','Turkey','2013-06-23 12:48:49','2018-09-19 04:03:07'),(66,'m','2006-10-21','Gavinville','Finland','2020-07-27 13:44:39','2012-01-20 06:21:43'),(67,'m','1972-12-20','South Princessfurt','Japan','2020-11-28 12:16:20','2013-03-03 18:18:51'),(68,'m','1984-01-07','Port Andrestown','Pakistan','2013-02-12 18:40:56','2015-08-30 10:27:32'),(69,'f','2014-12-03','West Tad','Cote d\'Ivoire','2014-02-10 04:00:28','2011-09-06 12:46:15'),(70,'m','1986-05-20','West Terrenceview','United States Minor Outlying Islands','2018-08-09 02:53:52','2013-07-04 23:15:43'),(71,'m','1982-06-17','Port Kevenborough','Finland','2019-10-07 00:04:30','2013-08-18 10:04:28'),(72,'m','1996-06-03','Emmerichbury','Saint Vincent and the Grenadines','2019-03-11 16:18:52','2012-01-31 10:53:37'),(73,'f','2021-01-22','Hodkiewiczport','Anguilla','2019-12-10 03:46:27','2014-05-02 09:58:29'),(74,'f','1970-06-03','Hackettfort','Latvia','2012-08-12 00:06:41','2015-05-20 22:30:36'),(75,'m','2010-09-20','West Marta','Portugal','2011-04-30 19:29:21','2020-10-30 09:46:39'),(76,'m','1997-12-17','West Reyes','Micronesia','2011-09-29 16:48:15','2014-10-01 04:37:20'),(77,'m','1980-05-28','Gutkowskiside','Timor-Leste','2013-02-24 12:07:05','2020-05-21 12:38:39'),(78,'m','1990-03-10','Bethelmouth','Paraguay','2020-03-03 05:28:21','2018-02-06 17:51:21'),(79,'f','1999-11-13','New Abnerland','Montenegro','2018-07-13 03:42:53','2019-01-14 11:24:51'),(80,'m','2012-04-27','West Mylene','Fiji','2013-04-10 11:31:31','2018-01-09 13:14:12'),(81,'m','1981-03-09','East Christ','India','2019-11-14 11:04:03','2014-07-30 09:48:49'),(82,'m','2003-12-16','New Graciela','Poland','2018-07-18 18:32:04','2012-12-18 05:56:26'),(83,'f','1971-08-10','West Kyleigh','Zimbabwe','2019-06-05 22:20:23','2014-10-13 06:59:15'),(84,'m','1998-12-25','Freddieport','Nepal','2020-11-30 16:03:48','2013-12-31 03:29:33'),(85,'m','1989-06-15','Kaylinfurt','Yemen','2013-11-05 13:49:52','2018-01-14 04:44:02'),(86,'m','2005-06-02','Lake Keenan','Tunisia','2020-12-06 02:27:09','2018-10-10 12:45:12'),(87,'m','1972-01-13','Murlview','South Africa','2018-06-08 06:14:12','2016-04-04 07:25:16'),(88,'f','2010-03-01','West Urban','Cyprus','2014-05-02 01:31:27','2015-08-18 16:36:20'),(89,'f','2013-02-12','North Alainamouth','Swaziland','2018-06-09 21:03:11','2015-12-17 11:19:23'),(90,'f','1997-01-29','Lake Esther','Japan','2019-10-04 08:18:49','2014-05-22 08:25:34'),(91,'f','2007-12-09','Heidenreichside','Kenya','2018-07-29 16:14:28','2018-06-08 19:28:25'),(92,'m','1970-06-02','West Fayeshire','Mexico','2019-02-27 00:03:11','2015-04-27 12:21:43'),(93,'m','1978-06-19','Goldnerfurt','Norfolk Island','2017-02-20 12:12:10','2017-04-11 10:39:43'),(94,'m','2009-12-16','East Loren','Martinique','2017-10-31 16:34:49','2014-04-22 08:19:15'),(95,'m','2017-08-18','South Owenside','Nauru','2011-12-22 10:11:29','2019-10-01 04:03:41'),(96,'f','1990-09-05','New Blanchebury','Finland','2018-05-10 12:17:45','2019-11-19 22:49:48'),(97,'f','2014-11-20','Rigobertoville','Niue','2020-01-21 08:37:24','2021-02-11 22:33:16'),(98,'f','1997-01-13','East Donavon','Ireland','2019-10-28 14:32:08','2020-03-18 18:30:46'),(99,'f','1973-11-22','Schoenmouth','Andorra','2019-08-01 18:37:13','2017-09-09 17:18:38'),(100,'f','2018-07-20','Terrymouth','Taiwan','2019-07-10 20:18:38','2021-03-05 10:31:34');
/*!40000 ALTER TABLE `profiles` ENABLE KEYS */;
UNLOCK TABLES;

--
-- Table structure for table `users`
--

DROP TABLE IF EXISTS `users`;
/*!40101 SET @saved_cs_client     = @@character_set_client */;
/*!50503 SET character_set_client = utf8mb4 */;
CREATE TABLE `users` (
  `id` int unsigned NOT NULL AUTO_INCREMENT COMMENT 'Идентификатор строки',
  `first_name` varchar(100) CHARACTER SET utf8mb4 COLLATE utf8mb4_unicode_ci NOT NULL COMMENT 'Имя пользователя',
  `last_name` varchar(100) CHARACTER SET utf8mb4 COLLATE utf8mb4_unicode_ci NOT NULL COMMENT 'Фамилия пользователя',
  `email` varchar(100) CHARACTER SET utf8mb4 COLLATE utf8mb4_unicode_ci NOT NULL COMMENT 'Почта',
  `phone` varchar(100) CHARACTER SET utf8mb4 COLLATE utf8mb4_unicode_ci NOT NULL COMMENT 'Телефон',
  `created_at` datetime DEFAULT CURRENT_TIMESTAMP COMMENT 'Время создания строки',
  `updated_at` datetime DEFAULT CURRENT_TIMESTAMP ON UPDATE CURRENT_TIMESTAMP COMMENT 'Время обновления строки',
  PRIMARY KEY (`id`),
  UNIQUE KEY `email` (`email`),
  UNIQUE KEY `phone` (`phone`)
) ENGINE=InnoDB AUTO_INCREMENT=101 DEFAULT CHARSET=utf8mb4 COLLATE=utf8mb4_unicode_ci COMMENT='Пользователи';
/*!40101 SET character_set_client = @saved_cs_client */;

--
-- Dumping data for table `users`
--

LOCK TABLES `users` WRITE;
/*!40000 ALTER TABLE `users` DISABLE KEYS */;
INSERT INTO `users` VALUES (1,'Kellen','Romaguera','gerry.littel@example.org','(768)341-6740','2016-05-14 11:29:32','2011-05-31 10:29:48'),(2,'Randi','Morissette','antwan.sauer@example.com','1-114-408-4861','2019-07-11 11:38:44','2020-02-05 05:19:06'),(3,'Teagan','Goodwin','efren99@example.net','(889)182-8853x335','2020-12-19 06:00:03','2018-01-16 03:48:33'),(4,'Landen','Sporer','joanie02@example.net','(857)670-4054','2020-05-28 11:14:23','2020-02-29 17:43:06'),(5,'Laurianne','Bernhard','randy33@example.com','327.211.7941','2013-06-22 05:52:27','2016-12-02 21:28:40'),(6,'Rosalinda','Stamm','fwindler@example.org','830-589-7861x02160','2012-12-01 06:03:11','2017-01-01 08:37:53'),(7,'Roslyn','Mraz','bret.ebert@example.org','(539)529-6245x812','2019-05-22 00:02:25','2018-06-08 00:15:34'),(8,'Armando','Langworth','rolfson.ella@example.org','1-895-272-2709x639','2012-05-04 11:39:34','2018-03-08 15:37:10'),(9,'Angel','Windler','bashirian.jany@example.net','218.809.5997x615','2012-03-08 20:39:34','2020-11-24 22:17:07'),(10,'Rylan','VonRueden','janelle18@example.net','1-819-639-9573x706','2012-12-02 21:54:36','2014-03-20 04:18:21'),(11,'Vivienne','Bauch','kutch.melissa@example.net','+94(6)1063958299','2015-11-02 02:34:18','2020-03-31 02:17:07'),(12,'Gloria','Towne','isabella28@example.org','617.327.1059x2111','2021-03-31 06:10:56','2013-02-16 04:55:51'),(13,'Stanford','Boyer','curt.lebsack@example.net','1-422-833-9816x143','2018-02-23 18:17:19','2011-11-15 22:39:47'),(14,'Kyle','Frami','pascale.pollich@example.org','947.211.8956x566','2014-07-12 07:30:46','2018-07-07 08:21:38'),(15,'Ward','Rosenbaum','lauren.pagac@example.org','1-372-170-5072','2013-09-16 20:01:24','2013-11-01 10:13:46'),(16,'Garth','Hamill','adah.ferry@example.com','+93(2)6150971434','2014-07-12 04:23:18','2012-05-03 09:33:06'),(17,'Alexandrea','Will','oceane38@example.net','1-431-813-0534','2020-07-18 04:04:50','2020-08-15 23:16:34'),(18,'Ashton','Kerluke','jevon.cronin@example.net','1-570-663-1262','2016-09-10 11:55:01','2019-07-30 19:14:34'),(19,'Fernando','Bernier','vincent.cummerata@example.com','+13(7)0177763798','2020-02-13 10:46:48','2018-02-19 19:58:07'),(20,'Damaris','Conroy','fmoen@example.net','138.478.1814x17816','2020-02-16 20:10:12','2021-02-14 22:06:53'),(21,'Lucio','Corkery','kade94@example.org','07483993606','2013-10-13 16:35:39','2012-05-09 16:37:25'),(22,'Elliott','Graham','zachariah.homenick@example.com','(824)920-9621x625','2017-08-03 17:17:31','2020-08-10 05:44:21'),(23,'Emily','Roob','wnader@example.org','01777408061','2014-11-14 23:34:22','2017-02-27 20:57:30'),(24,'Alexandrea','McCullough','kconsidine@example.net','+84(0)6382961134','2018-10-02 11:34:00','2017-05-11 20:32:45'),(25,'Hollie','Morar','ibrahim70@example.com','1-624-192-7281','2012-09-09 01:42:29','2018-09-01 06:34:59'),(26,'Franz','Hilpert','ejast@example.com','(546)128-6881','2013-04-27 12:14:44','2012-09-08 04:16:45'),(27,'Teagan','Gorczany','howell.cassin@example.com','+06(1)6554839156','2013-11-19 17:38:24','2012-01-29 06:08:47'),(28,'Lucious','Green','watsica.cassie@example.com','(479)316-2501','2017-11-19 06:52:17','2018-11-26 18:41:48'),(29,'Rosendo','Sipes','donnell63@example.org','1-021-986-8611','2017-01-20 07:44:40','2020-07-07 05:51:54'),(30,'Bridget','Kutch','glennie59@example.net','+40(9)5961706636','2018-12-28 01:48:10','2020-11-22 22:30:03'),(31,'Michael','Bechtelar','brakus.clovis@example.com','(650)798-2413','2015-03-17 13:48:03','2012-11-08 03:05:16'),(32,'Era','Herzog','mcarter@example.org','(132)160-7439','2013-11-28 16:07:58','2015-01-19 21:36:19'),(33,'Judy','Kemmer','neil.kub@example.net','394-719-3780x1846','2017-04-26 07:33:16','2015-04-16 00:00:46'),(34,'Bennie','Leuschke','mkessler@example.net','(852)084-4949x0492','2011-11-08 09:58:38','2011-08-13 00:48:15'),(35,'Candice','Auer','jayce06@example.com','539-750-1556x3107','2012-05-30 01:30:45','2015-05-09 05:12:12'),(36,'Willa','Towne','rhianna99@example.org','1-897-424-5725','2020-11-09 05:46:27','2020-09-11 22:21:31'),(37,'Stephanie','Boehm','derdman@example.com','(707)822-0228','2017-09-14 06:06:48','2015-07-26 19:44:32'),(38,'Alessandro','Bailey','fmante@example.net','1-528-962-7592x89327','2020-05-06 10:16:23','2020-12-30 14:53:27'),(39,'Kaci','Boehm','corene.bosco@example.com','372-509-9430','2012-06-21 05:40:43','2014-09-12 05:28:12'),(40,'Claudia','Barton','vsanford@example.com','810.596.7415','2020-08-10 15:57:05','2011-12-14 16:56:28'),(41,'Destinee','Rohan','connelly.kennith@example.org','(231)771-7422x3911','2018-10-22 04:54:10','2014-09-21 20:17:42'),(42,'Dino','Eichmann','kmayer@example.com','(383)989-9503','2016-06-26 08:23:21','2019-11-03 20:16:31'),(43,'Kailee','Stark','jackeline05@example.com','+76(0)7848089943','2012-11-01 19:00:08','2012-09-17 01:20:15'),(44,'Christa','Moore','kareem58@example.org','561-466-6895x424','2019-09-23 21:32:13','2015-09-03 04:26:14'),(45,'Whitney','Shields','estroman@example.org','1-705-305-5193','2013-06-04 01:10:21','2019-03-09 02:04:51'),(46,'Michel','Waelchi','dhartmann@example.net','625-473-1142','2013-01-27 22:35:19','2019-02-22 11:41:00'),(47,'Yoshiko','Tromp','predovic.aliya@example.org','(589)019-1794','2013-09-22 21:41:59','2012-07-26 04:21:42'),(48,'Domenica','Bins','obeatty@example.net','1-932-845-2945','2015-08-29 15:11:51','2017-06-12 00:30:31'),(49,'Guido','Nader','vincenzo.stiedemann@example.org','1-573-252-4479x33115','2012-05-28 18:56:22','2011-05-14 03:21:29'),(50,'Isidro','Hirthe','zgleichner@example.org','1-718-472-4905','2018-10-19 21:08:55','2014-01-28 09:55:57'),(51,'Leora','Ferry','willard93@example.org','1-183-694-7173','2017-01-11 09:54:40','2018-01-28 19:22:03'),(52,'Colten','Ward','mhaley@example.net','1-495-221-4733x336','2012-02-10 22:40:28','2020-04-06 09:24:19'),(53,'Evalyn','Conn','mandy.johnston@example.com','183.541.3819x32460','2013-08-05 21:02:02','2011-08-19 20:23:19'),(54,'Titus','Lakin','brayan18@example.org','193-068-6432','2012-08-26 21:55:22','2014-09-12 10:12:46'),(55,'Russ','Conroy','abbott.noel@example.com','(980)678-2588','2018-01-01 11:17:13','2017-11-02 06:46:04'),(56,'Porter','Walker','emmy.haley@example.com','577-916-8650x413','2011-07-30 08:39:53','2011-11-19 05:07:28'),(57,'Devonte','Satterfield','lorena.haag@example.net','815.003.4392x26825','2011-11-04 08:20:08','2017-06-16 13:18:16'),(58,'Gia','Stamm','hkub@example.net','533-698-5110','2020-11-14 15:56:37','2013-04-21 08:05:45'),(59,'Favian','Cassin','bogan.rafaela@example.org','(910)076-4133x05159','2016-11-25 17:43:37','2015-03-27 12:34:32'),(60,'Edna','Walker','adonnelly@example.com','1-796-368-4277x48030','2017-08-26 18:06:33','2019-01-09 01:13:25'),(61,'Favian','Jacobi','beau.walker@example.net','973.767.6158','2017-03-26 06:29:26','2017-03-19 23:36:28'),(62,'Manuela','Senger','ohomenick@example.net','06903525202','2016-03-17 05:13:14','2020-09-17 19:56:33'),(63,'Davon','Tremblay','carmella41@example.com','(589)400-8776','2013-08-07 16:07:30','2018-11-24 11:54:31'),(64,'Alanis','Padberg','keebler.brycen@example.net','969-215-0385x649','2019-02-21 18:24:14','2012-07-07 05:19:05'),(65,'Ozella','Gleason','christiana.wyman@example.org','075-107-5112','2014-10-02 02:23:41','2016-04-15 11:30:12'),(66,'Helene','Parker','trevion.wilderman@example.net','592-264-0972x82405','2019-07-25 03:25:26','2020-03-12 23:24:10'),(67,'Joshuah','Carter','zackery.swift@example.com','385-320-7106x653','2015-03-21 16:18:56','2015-06-02 05:57:28'),(68,'Lera','Paucek','hhayes@example.net','309.077.8651','2020-04-01 06:27:33','2019-09-18 05:11:05'),(69,'Hugh','Rodriguez','sienna11@example.com','1-266-232-9728x98470','2016-08-16 18:48:10','2015-09-18 06:12:17'),(70,'Evangeline','Carter','jonatan91@example.com','1-929-036-4971x703','2012-07-13 13:07:08','2014-10-24 04:46:26'),(71,'Adrien','Dickens','deckow.kareem@example.org','05753145829','2020-07-18 04:51:26','2011-10-19 22:50:56'),(72,'Cristopher','Graham','enos.cremin@example.net','+21(8)0221054830','2013-06-17 17:20:56','2020-07-27 10:07:47'),(73,'Emilio','Schneider','pfannerstill.carli@example.net','1-616-012-1331','2017-02-09 11:13:45','2012-04-07 21:17:24'),(74,'Roxane','Roob','maymie24@example.org','1-773-168-9880','2020-07-31 17:00:08','2020-06-24 10:25:52'),(75,'Kareem','Daugherty','colt.jones@example.org','(587)600-3577x0345','2013-02-07 00:04:41','2017-11-20 09:53:39'),(76,'Cyrus','Lubowitz','serena.o\'hara@example.com','1-957-186-4309','2018-02-22 22:20:40','2015-09-06 15:36:50'),(77,'Jeffry','Swift','vito02@example.net','03908782448','2020-01-17 03:18:40','2011-05-04 08:53:05'),(78,'Hector','Ullrich','qbradtke@example.com','1-480-222-5300','2017-07-20 19:08:16','2016-02-22 11:28:35'),(79,'Hassie','Monahan','qgrant@example.org','171-613-0172x93862','2015-08-12 16:25:44','2015-08-10 07:02:00'),(80,'Pierce','Little','jackie58@example.com','1-822-109-9575x72853','2011-05-08 00:31:04','2011-12-31 15:48:39'),(81,'Berneice','Balistreri','rcremin@example.net','951-164-7618x0767','2020-04-03 23:54:12','2017-04-11 01:49:25'),(82,'Mable','Vandervort','fern74@example.org','1-999-658-7827x1279','2011-05-12 12:47:40','2014-05-07 21:12:20'),(83,'Ceasar','Torp','gaylord.heidi@example.com','02078555971','2016-03-16 06:04:29','2013-08-11 06:29:25'),(84,'Rosina','Jenkins','dax.ankunding@example.org','521.157.3916','2015-04-05 10:44:56','2015-04-08 10:05:37'),(85,'Karen','King','kassulke.flossie@example.org','255.243.5022','2020-08-12 00:30:46','2019-05-17 06:26:04'),(86,'Reuben','Stanton','hilll.okey@example.org','482.802.9514x640','2013-12-12 22:28:56','2014-10-07 23:13:47'),(87,'Jan','Block','justine.crist@example.org','(448)255-1457','2016-03-19 20:59:40','2012-05-06 19:14:19'),(88,'Carleton','Metz','mitchell.mathias@example.net','001.857.5795','2012-10-25 02:17:33','2014-08-01 11:03:30'),(89,'Avis','Gibson','bobbie81@example.org','1-941-175-4518x92352','2016-10-20 05:39:33','2011-04-24 00:26:59'),(90,'Kelly','Johnston','alexane49@example.com','1-688-268-8211x8855','2013-01-01 13:39:39','2014-10-19 14:53:46'),(91,'Maryam','Kerluke','sasha01@example.org','1-674-921-3608','2011-08-11 18:21:10','2012-10-28 04:09:57'),(92,'Mavis','Quitzon','grobel@example.net','438.415.6009','2018-04-25 22:22:21','2015-11-26 02:05:18'),(93,'Filiberto','Murphy','baby62@example.com','544.540.5446','2014-02-20 06:01:46','2012-08-22 19:50:00'),(94,'Malika','Greenfelder','lavon91@example.com','1-609-635-0124x89867','2013-10-30 15:23:34','2017-04-23 21:28:35'),(95,'Assunta','Altenwerth','harrison01@example.org','(233)672-1632x054','2014-01-22 10:01:56','2020-12-22 06:21:02'),(96,'Aylin','Boyer','adenesik@example.com','764-767-9709','2014-11-16 07:02:49','2013-03-12 11:15:16'),(97,'Antonietta','Prosacco','larson.afton@example.com','1-877-787-7031','2015-12-24 06:56:48','2013-12-16 05:40:05'),(98,'Ashlynn','Auer','mable.bogan@example.com','(639)928-4024x239','2016-04-28 12:25:49','2020-11-02 13:51:11'),(99,'Kenna','Barton','carson.schowalter@example.com','1-320-726-8902','2015-07-02 23:31:48','2017-01-17 05:32:01'),(100,'Christine','Bartell','jast.justice@example.org','234.586.5893','2019-10-31 16:06:22','2018-12-03 09:10:14');
/*!40000 ALTER TABLE `users` ENABLE KEYS */;
UNLOCK TABLES;
/*!40103 SET TIME_ZONE=@OLD_TIME_ZONE */;

/*!40101 SET SQL_MODE=@OLD_SQL_MODE */;
/*!40014 SET FOREIGN_KEY_CHECKS=@OLD_FOREIGN_KEY_CHECKS */;
/*!40014 SET UNIQUE_CHECKS=@OLD_UNIQUE_CHECKS */;
/*!40101 SET CHARACTER_SET_CLIENT=@OLD_CHARACTER_SET_CLIENT */;
/*!40101 SET CHARACTER_SET_RESULTS=@OLD_CHARACTER_SET_RESULTS */;
/*!40101 SET COLLATION_CONNECTION=@OLD_COLLATION_CONNECTION */;
/*!40111 SET SQL_NOTES=@OLD_SQL_NOTES */;

-- Dump completed on 2021-04-13 13:22:12
